Opcode	Function	Mnemonic	Description	Type	Box
0x00	0x0000	CALL_PAL	CALL_PAL	PALcode	PalBox
0x00	0x0000	HALT	HALT	PALcode	PalBox
0x00	0x0001	RESTART	RESTART	PALcode	PalBox
0x00	0x0001	CFLUSH	CFLUSH	PALcode	PalBox
0x00	0x0002	REBOOT	REBOOT	PALcode	PalBox
0x00	0x0002	DRAINA	DRAINA	PALcode	PalBox
0x00	0x0003	LDQP	LDQP	PALcode	PalBox
0x00	0x0003	REBOOT_64	REBOOT_64	PALcode	PalBox
0x00	0x0004	INITPAL	INITPAL	PALcode	PalBox
0x00	0x0005	STQP	STQP	PALcode	PalBox
0x00	0x0005	SWPCTX	SWPCTX	PALcode	PalBox
0x00	0x0006	MFPR_ASN	MFPR_ASN	PALcode	PalBox
0x00	0x0007	MTPR_ASTEN	MTPR_ASTEN	PALcode	PalBox
0x00	0x0008	DI	DI	PALcode	PalBox
0x00	0x0008	MTPR_ASTSR	MTPR_ASTSR	PALcode	PalBox
0x00	0x0009	EI	EI	PALcode	PalBox
0x00	0x0009	CSERVE	CSERVE	PALcode	PalBox
0x00	0x000B	MFPR_FEN	MFPR_FEN	PALcode	PalBox
0x00	0x000C	SSIR_64	SSIR_64	PALcode	PalBox
0x00	0x000C	MTPR_FEN	MTPR_FEN	PALcode	PalBox
0x00	0x000D	WRIPIR	WRIPIR	PALcode	PalBox
0x00	0x000D	CSIR	CSIR	PALcode	PalBox
0x00	0x000D	MTPR_IPIR	MTPR_IPIR	PALcode	PalBox
0x00	0x000E	MFPR_IPL	MFPR_IPL	PALcode	PalBox
0x00	0x000F	MTPR_IPL	MTPR_IPL	PALcode	PalBox
0x00	0x0010	RDMCES_64	RDMCES_64	PALcode	PalBox
0x00	0x0010	MFPR_MCES	MFPR_MCES	PALcode	PalBox
0x00	0x0011	WRMCES_64	WRMCES_64	PALcode	PalBox
0x00	0x0011	MTPR_MCES	MTPR_MCES	PALcode	PalBox
0x00	0x0011	SWPPROCESS	SWPPROCESS	PALcode	PalBox
0x00	0x0012	RDMCES	RDMCES	PALcode	PalBox
0x00	0x0012	RDPCBB_64	RDPCBB_64	PALcode	PalBox
0x00	0x0012	MFPR_PCBB	MFPR_PCBB	PALcode	PalBox
0x00	0x0013	MFPR_PRBR	MFPR_PRBR	PALcode	PalBox
0x00	0x0013	WRMCES	WRMCES	PALcode	PalBox
0x00	0x0013	WRPRBR_64	WRPRBR_64	PALcode	PalBox
0x00	0x0014	TBIA	TBIA	PALcode	PalBox
0x00	0x0014	MTPR_PRBR	MTPR_PRBR	PALcode	PalBox
0x00	0x0015	TBIS	TBIS	PALcode	PalBox
0x00	0x0015	MFPR_PTBR	MFPR_PTBR	PALcode	PalBox
0x00	0x0015	THIS_64	THIS_64	PALcode	PalBox
0x00	0x0016	DTBIS	DTBIS	PALcode	PalBox
0x00	0x0017	TBISASN	TBISASN	PALcode	PalBox
0x00	0x0017	MTPR_SCBB	MTPR_SCBB	PALcode	PalBox
0x00	0x0018	RDKSP	RDKSP	PALcode	PalBox
0x00	0x0018	RDKSP_64	RDKSP_64	PALcode	PalBox
0x00	0x0018	MTPR_SIRR	MTPR_SIRR	PALcode	PalBox
0x00	0x0019	MFPR_SISR	MFPR_SISR	PALcode	PalBox
0x00	0x001A	RDPSR_64	RDPSR_64	PALcode	PalBox
0x00	0x001A	MFPR_TBCHK	MFPR_TBCHK	PALcode	PalBox
0x00	0x001B	MTPR_TBIA	MTPR_TBIA	PALcode	PalBox
0x00	0x001C	RDPER_64	RDPER_64	PALcode	PalBox
0x00	0x001C	MTPR_TBIAP	MTPR_TBIAP	PALcode	PalBox
0x00	0x001D	MTPR_TBIS	MTPR_TBIS	PALcode	PalBox
0x00	0x001E	RDTHREAD_64	RDTHREAD_64	PALcode	PalBox
0x00	0x001E	MFPR_ESP	MFPR_ESP	PALcode	PalBox
0x00	0x001F	MTPR_ESP	MTPR_ESP	PALcode	PalBox
0x00	0x0020	MFPR_SSP	MFPR_SSP	PALcode	PalBox
0x00	0x0020	WRPERFMON	WRPERFMON	PALcode	PalBox
0x00	0x0021	MTPR_SSP	MTPR_SSP	PALcode	PalBox
0x00	0x0021	SWPIPL	SWPIPL	PALcode	PalBox
0x00	0x0022	RDUSP_64	RDUSP_64	PALcode	PalBox
0x00	0x0022	MFPR_USP	MFPR_USP	PALcode	PalBox
0x00	0x0023	WRUSP_64	WRUSP_64	PALcode	PalBox
0x00	0x0023	MTPR_USP	MTPR_USP	PALcode	PalBox
0x00	0x0024	MTPR_TBISD	MTPR_TBISD	PALcode	PalBox
0x00	0x0025	MTPR_TBISI	MTPR_TBISI	PALcode	PalBox
0x00	0x0026	MFPR_ASTEN	MFPR_ASTEN	PALcode	PalBox
0x00	0x0027	MFPR_ASTSR	MFPR_ASTSR	PALcode	PalBox
0x00	0x0029	MFPR_VPTB	MFPR_VPTB	PALcode	PalBox
0x00	0x002A	MTPR_VPTB	MTPR_VPTB	PALcode	PalBox
0x00	0x002B	WRFEN	WRFEN	PALcode	PalBox
0x00	0x002B	MTPR_PERFMON	MTPR_PERFMON	PALcode	PalBox
0x00	0x002D	WRVPTPTR	WRVPTPTR	PALcode	PalBox
0x00	0x002E	MTPR_DATFX	MTPR_DATFX	PALcode	PalBox
0x00	0x0030	RDCOUNTERS	RDCOUNTERS	PALcode	PalBox
0x00	0x0030	SWPCTX	SWPCTX	PALcode	PalBox
0x00	0x0031	WRVAL	WRVAL	PALcode	PalBox
0x00	0x0032	RDVAL	RDVAL	PALcode	PalBox
0x00	0x0033	TBI	TBI	PALcode	PalBox
0x00	0x0034	WRENT	WRENT	PALcode	PalBox
0x00	0x0035	SWPIPL	SWPIPL	PALcode	PalBox
0x00	0x0036	RDPS	RDPS	PALcode	PalBox
0x00	0x0037	WRKGP	WRKGP	PALcode	PalBox
0x00	0x0038	WRUSP	WRUSP	PALcode	PalBox
0x00	0x003A	RDUSP	RDUSP	PALcode	PalBox
0x00	0x003C	WHAMI	WHAMI	PALcode	PalBox
0x00	0x003D	RETSYS_64	RETSYS_64	PALcode	PalBox
0x00	0x003F	MFPR_WHAMI	MFPR_WHAMI	PALcode	PalBox
0x00	0x003F	RTI	RTI	PALcode	PalBox
0x00	0x0080	BPT	BPT	PALcode	PalBox
0x00	0x0081	BUGCHK	BUGCHK	PALcode	PalBox
0x00	0x0082	CHME	CHME	PALcode	PalBox
0x00	0x0083	CALLSYS	CALLSYS	PALcode	PalBox
0x00	0x0083	CHMK	CHMK	PALcode	PalBox
0x00	0x0084	CHMS	CHMS	PALcode	PalBox
0x00	0x0085	CHMU	CHMU	PALcode	PalBox
0x00	0x0086	IMB	IMB	PALcode	PalBox
0x00	0x0087	INSQHIL	INSQHIL	PALcode	PalBox
0x00	0x0088	INSQTIL	INSQTIL	PALcode	PalBox
0x00	0x0089	INSQHIQ	INSQHIQ	PALcode	PalBox
0x00	0x008A	INSQTIQ	INSQTIQ	PALcode	PalBox
0x00	0x008B	INSQUEL	INSQUEL	PALcode	PalBox
0x00	0x008C	INSQUEQ	INSQUEQ	PALcode	PalBox
0x00	0x008D	INSQUEL_D	INSQUEL_D	PALcode	PalBox
0x00	0x008E	INSQUEQ_D	INSQUEQ_D	PALcode	PalBox
0x00	0x008F	PROBER	PROBER	PALcode	PalBox
0x00	0x0090	PROBEW	PROBEW	PALcode	PalBox
0x00	0x0091	RD_PS	RD_PS	PALcode	PalBox
0x00	0x0092	REI	REI	PALcode	PalBox
0x00	0x0093	REMQHIL	REMQHIL	PALcode	PalBox
0x00	0x0094	REMQTIL	REMQTIL	PALcode	PalBox
0x00	0x0095	REMQHIQ	REMQHIQ	PALcode	PalBox
0x00	0x0096	REMQTIQ	REMQTIQ	PALcode	PalBox
0x00	0x0097	REMQUEL	REMQUEL	PALcode	PalBox
0x00	0x0098	REMQUEQ	REMQUEQ	PALcode	PalBox
0x00	0x0099	REMQUEUD	REMQUEUD	PALcode	PalBox
0x00	0x009A	REMQUEQ_D	REMQUEQ_D	PALcode	PalBox
0x00	0x009B	SWASTEN	SWASTEN	PALcode	PalBox
0x00	0x009C	WR_PS_SW	WR_PS_SW	PALcode	PalBox
0x00	0x009D	RSCC	RSCC	PALcode	PalBox
0x00	0x009E	RDUNIQUE_64	RDUNIQUE_64	PALcode	MBox
0x00	0x009E	READ_UNQ	READ_UNQ	Memory	PalBox
0x00	0x009F	WRITE_UNQ	WRITE_UNQ	PALcode	PalBox
0x00	0x009F	WRUNIQUE_64	WRUNIQUE_64	PALcode	MBox
0x00	0x00A0	AMOVRR	AMOVRR	PALcode	PalBox
0x00	0x00A1	AMOVRM	AMOVRM	PALcode	PalBox
0x00	0x00A2	INSQHILR	INSQHILR	PALcode	PalBox
0x00	0x00A3	INSQTILR	INSQTILR	PALcode	PalBox
0x00	0x00A4	INSQHIQR	INSQHIQR	PALcode	PalBox
0x00	0x00A5	INSQTIQR	INSQTIQR	PALcode	PalBox
0x00	0x00A6	REMQHILR	REMQHILR	PALcode	PalBox
0x00	0x00A7	REMQTILR	REMQTILR	PALcode	PalBox
0x00	0x00A9	REMQTIQR	REMQTIQR	PALcode	PalBox
0x00	0x00AA	GENTRAP	GENTRAP	PALcode	PalBox
0x00	0x00AB	RDTEB	RDTEB	PALcode	PalBox
0x01	0x0000	OPC01	OPC01	Miscellaneous	PalBox
0x02	0x0000	OPC02	OPC02	Miscellaneous	PalBox
0x03	0x0000	OPC03	OPC03	Miscellaneous	PalBox
0x04	0x0000	OPC04	OPC04	Miscellaneous	PalBox
0x05	0x0000	OPC05	OPC05	Miscellaneous	PalBox
0x06	0x0000	OPC06	OPC06	Miscellaneous	PalBox
0x07	0x0000	OPC07	OPC07	Miscellaneous	PalBox
0x08	0x0000	LDA	LDA	Memory	MBox
0x09	0x0000	LDAH	LDAH	Memory	MBox
0x0B	0x0000	LDQ_U	LDQ_U	Memory	MBox
0x0F	0x0000	STQ_U	STQ_U	Memory	MBox
0x10	0x0000	ADDL	ADDL	IntegerOperate	EBox
0x10	0x0002	S4ADDL	S4ADDL	IntegerOperate	EBox
0x10	0x0009	SUBL	SUBL	IntegerOperate	EBox
0x10	0x000B	S4SUBL	S4SUBL	IntegerOperate	EBox
0x10	0x000F	CMPBGE	CMPBGE	IntegerOperate	EBox
0x10	0x0012	S8ADDL	S8ADDL	IntegerOperate	EBox
0x10	0x001B	S8SUBL	S8SUBL	IntegerOperate	EBox
0x10	0x001D	CMPULT	CMPULT	IntegerOperate	EBox
0x10	0x0020	ADDQ	ADDQ	IntegerOperate	EBox
0x10	0x0022	S4ADDQ	S4ADDQ	IntegerOperate	EBox
0x10	0x0029	SUBQ	SUBQ	IntegerOperate	EBox
0x10	0x002B	S4SUBQ	S4SUBQ	IntegerOperate	EBox
0x10	0x002D	CMPEQ	CMPEQ	IntegerOperate	EBox
0x10	0x0032	S8ADDQ	S8ADDQ	IntegerOperate	EBox
0x10	0x003B	S8SUBQ	S8SUBQ	IntegerOperate	EBox
0x10	0x003D	CMPULE	CMPULE	IntegerOperate	EBox
0x10	0x0040	ADDL_V	ADDL_V	IntegerOperate	EBox
0x10	0x0049	SUBL_V	SUBL_V	IntegerOperate	EBox
0x10	0x004D	CMPLT	CMPLT	IntegerOperate	EBox
0x10	0x0060	ADDQ_V	ADDQ_V	IntegerOperate	EBox
0x10	0x0069	SUBQ_V	SUBQ_V	IntegerOperate	EBox
0x10	0x006D	CMPLE	CMPLE	IntegerOperate	EBox
0x11	0x0000	AND	AND	IntegerOperate	EBox
0x11	0x0008	BIC	BIC	IntegerOperate	EBox
0x11	0x0014	CMOVLBS	CMOVLBS	IntegerOperate	EBox
0x11	0x0016	CMOVLBC	CMOVLBC	IntegerOperate	EBox
0x11	0x0020	BIS	BIS	IntegerOperate	EBox
0x11	0x0024	CMOVEQ	CMOVEQ	IntegerOperate	EBox
0x11	0x0026	CMOVNE	CMOVNE	IntegerOperate	EBox
0x11	0x0028	ORNOT	ORNOT	IntegerOperate	EBox
0x11	0x0040	XOR	XOR	IntegerOperate	EBox
0x11	0x0044	CMOVLT	CMOVLT	IntegerOperate	EBox
0x11	0x0046	CMOVGE	CMOVGE	IntegerOperate	EBox
0x11	0x0048	EQV	EQV	IntegerOperate	EBox
0x11	0x0064	CMOVLE	CMOVLE	IntegerOperate	EBox
0x11	0x0066	CMOVGT	CMOVGT	IntegerOperate	EBox
0x12	0x0002	MSKBL	MSKBL	IntegerOperate	EBox
0x12	0x0006	EXTBL	EXTBL	IntegerOperate	EBox
0x12	0x000B	INSBL	INSBL	IntegerOperate	EBox
0x12	0x0012	MSKWL	MSKWL	IntegerOperate	EBox
0x12	0x0016	EXTWL	EXTWL	IntegerOperate	EBox
0x12	0x001B	INSWL	INSWL	IntegerOperate	EBox
0x12	0x0022	MSKLL	MSKLL	IntegerOperate	EBox
0x12	0x0026	EXTLL	EXTLL	IntegerOperate	EBox
0x12	0x002B	INSLL	INSLL	IntegerOperate	EBox
0x12	0x0030	ZAP	ZAP	IntegerOperate	EBox
0x12	0x0031	ZAPNOT	ZAPNOT	IntegerOperate	EBox
0x12	0x0032	MSKQL	MSKQL	IntegerOperate	EBox
0x12	0x0034	SRL	SRL	Memory	MBox
0x12	0x0036	EXTQL	EXTQL	IntegerOperate	EBox
0x12	0x0039	SLL	SLL	IntegerOperate	EBox
0x12	0x003B	INSQL	INSQL	IntegerOperate	EBox
0x12	0x003C	SRA	SRA	IntegerOperate	EBox
0x12	0x0052	MSKWH	MSKWH	IntegerOperate	EBox
0x12	0x0057	INSWH	INSWH	IntegerOperate	EBox
0x12	0x005A	EXTWH	EXTWH	IntegerOperate	EBox
0x12	0x0062	MSKLH	MSKLH	IntegerOperate	EBox
0x12	0x0067	INSLH	INSLH	IntegerOperate	EBox
0x12	0x006A	EXTLH	EXTLH	IntegerOperate	EBox
0x12	0x0072	MSKQH	MSKQH	IntegerOperate	EBox
0x12	0x0077	INSQH	INSQH	IntegerOperate	EBox
0x12	0x007A	EXTQH	EXTQH	IntegerOperate	EBox
0x13	0x0000	MULL	MULL	IntegerOperate	EBox
0x13	0x0020	MULQ	MULQ	IntegerOperate	EBox
0x13	0x0030	UMULH	UMULH	IntegerOperate	EBox
0x13	0x0040	MULL_V	MULL_V	IntegerOperate	EBox
0x13	0x0060	MULQ_V	MULQ_V	IntegerOperate	EBox
0x14	0x00AF	CVTGQ	CVTGQ	FloatingPoint	FBox
0x14	0x010A	SQRTF_UC	SQRTF_UC UC	FloatingPoint	FBox
0x14	0x010B	SQRTS_UC	SQRTS_UC UC	FloatingPoint	FBox
0x14	0x012A	SQRTG_UC	SQRTG_UC UC	FloatingPoint	FBox
0x14	0x012B	SQRTT_UC	SQRTT_UC UC	FloatingPoint	FBox
0x14	0x014B	SQRTS_UM	SQRTS_UM UM	FloatingPoint	FBox
0x14	0x016B	SQRTT_UM	SQRTT_UM UM	FloatingPoint	FBox
0x14	0x018A	SQRTF_U	SQRTF_U U	FloatingPoint	FBox
0x14	0x018B	SQRTS_U	SQRTS_U U	FloatingPoint	FBox
0x14	0x01AA	SQRTG_U	SQRTG_U U	FloatingPoint	FBox
0x14	0x01AB	SQRTT_U	SQRTT_U U	FloatingPoint	FBox
0x14	0x01CB	SQRTS_UD	SQRTS_UD UD	FloatingPoint	FBox
0x14	0x01EB	SQRTT_UD	SQRTT_UD UD	FloatingPoint	FBox
0x14	0x040A	SQRTF_SC	SQRTF_SC SC	FloatingPoint	FBox
0x14	0x042A	SQRTG_SC	SQRTG_SC SC	FloatingPoint	FBox
0x14	0x048A	SQRTF_S	SQRTF_S S	FloatingPoint	FBox
0x14	0x04AA	SQRTG_S	SQRTG_S S	FloatingPoint	FBox
0x14	0x050A	SQRTF_SUC	SQRTF_SUC SUC	FloatingPoint	FBox
0x14	0x050B	SQRTS_SUC	SQRTS_SUC SUC	FloatingPoint	FBox
0x14	0x052A	SQRTG_SUC	SQRTG_SUC SUC	FloatingPoint	FBox
0x14	0x052B	SQRTT_SUC	SQRTT_SUC SUC	FloatingPoint	FBox
0x14	0x054B	SQRTS_SUM	SQRTS_SUM SUM	FloatingPoint	FBox
0x14	0x056B	SQRTT_SUM	SQRTT_SUM SUM	FloatingPoint	FBox
0x14	0x058A	SQRTF_SU	SQRTF_SU SU	FloatingPoint	FBox
0x14	0x058B	SQRTS_SU	SQRTS_SU SU	FloatingPoint	FBox
0x14	0x05AA	SQRTG_SU	SQRTG_SU SU	FloatingPoint	FBox
0x14	0x05AB	SQRTT_SU	SQRTT_SU SU	FloatingPoint	FBox
0x14	0x05CB	SQRTS_SUD	SQRTS_SUD SUD	FloatingPoint	FBox
0x14	0x05EB	SQRTT_SUD	SQRTT_SUD SUD	FloatingPoint	FBox
0x14	0x070B	SQRTS_SUIC	SQRTS_SUIC SUIC	FloatingPoint	FBox
0x14	0x072B	SQRTT_SUIC	SQRTT_SUIC SUIC	FloatingPoint	FBox
0x14	0x074B	SQRTS_SUIM	SQRTS_SUIM SUIM	FloatingPoint	FBox
0x14	0x076B	SQRTT_SUIM	SQRTT_SUIM SUIM	FloatingPoint	FBox
0x14	0x078B	SQRTS_SUI	SQRTS_SUI SUI	FloatingPoint	FBox
0x14	0x07AB	SQRTT_SUI	SQRTT_SUI SUI	FloatingPoint	FBox
0x14	0x07CB	SQRTS_SUID	SQRTS_SUID SUID	FloatingPoint	FBox
0x14	0x07EB	SQRTT_SUID	SQRTT_SUID SUID	FloatingPoint	FBox
0x15	0x0000	ADDF_C	ADDF_C C	FloatingPoint	FBox
0x15	0x0001	SUBF_C	SUBF_C C	FloatingPoint	FBox
0x15	0x0002	MULF_C	MULF_C C	FloatingPoint	FBox
0x15	0x0003	DIVF_C	DIVF_C C	FloatingPoint	FBox
0x15	0x001E	CVTDG_C	CVTDG_C C	FloatingPoint	FBox
0x15	0x0020	ADDG_C	ADDG_C C	FloatingPoint	FBox
0x15	0x0021	SUBG_C	SUBG_C C	FloatingPoint	FBox
0x15	0x0022	MULG_C	MULG_C C	FloatingPoint	FBox
0x15	0x0023	DIVG_C	DIVG_C C	FloatingPoint	FBox
0x15	0x002C	CVTGF_C	CVTGF_C C	FloatingPoint	FBox
0x15	0x002D	CVTGD_C	CVTGD_C C	FloatingPoint	FBox
0x15	0x002F	CVTBQ_C	CVTBQ_C C	FloatingPoint	FBox
0x15	0x002F	CVTGQ_C	CVTGQ_C C	FloatingPoint	FBox
0x15	0x003C	CVTQF_C	CVTQF_C C	FloatingPoint	FBox
0x15	0x003E	CVTQG_C	CVTQG_C C	FloatingPoint	FBox
0x15	0x0080	ADDF	ADDF	FloatingPoint	FBox
0x15	0x0080	ADDF	ADDF	FloatingPoint	FBox
0x15	0x0081	SUBF	SUBF	FloatingPoint	FBox
0x15	0x0082	MULF	MULF	FloatingPoint	FBox
0x15	0x0083	DIVF	DIVF	FloatingPoint	FBox
0x15	0x009E	CVTDG	CVTDG	FloatingPoint	FBox
0x15	0x00A0	ADDG	ADDG	FloatingPoint	FBox
0x15	0x00A1	SUBG	SUBG	FloatingPoint	FBox
0x15	0x00A2	MULG	MULG	FloatingPoint	FBox
0x15	0x00A3	DIVG	DIVG	FloatingPoint	FBox
0x15	0x00A5	CMPGEQ	CMPGEQ	FloatingPoint	FBox
0x15	0x00A6	CMPGLT	CMPGLT	FloatingPoint	FBox
0x15	0x00A7	CMPGLE	CMPGLE	FloatingPoint	FBox
0x15	0x00AC	CVTGF	CVTGF	FloatingPoint	FBox
0x15	0x00AD	CVTGD	CVTGD	FloatingPoint	FBox
0x15	0x00AF	CVTGQ	CVTGQ	FloatingPoint	FBox
0x15	0x00BC	CVTQF	CVTQF	FloatingPoint	FBox
0x15	0x00BE	CVTQG	CVTQG	FloatingPoint	FBox
0x15	0x0100	ADDF_UC	ADDF_UC UC	FloatingPoint	FBox
0x15	0x0101	SUBF_UC	SUBF_UC UC	FloatingPoint	FBox
0x15	0x0102	MULF_UC	MULF_UC UC	FloatingPoint	FBox
0x15	0x0103	DIVF_UC	DIVF_UC UC	FloatingPoint	FBox
0x15	0x011E	CVTDG_UC	CVTDG_UC UC	FloatingPoint	FBox
0x15	0x0120	ADDG_UC	ADDG_UC UC	FloatingPoint	FBox
0x15	0x0121	SUBG_UC	SUBG_UC UC	FloatingPoint	FBox
0x15	0x0122	MULG_UC	MULG_UC UC	FloatingPoint	FBox
0x15	0x0123	DIVG_UC	DIVG_UC UC	FloatingPoint	FBox
0x15	0x012C	CVTGF_UC	CVTGF_UC UC	FloatingPoint	FBox
0x15	0x012D	CVTGD_UC	CVTGD_UC UC	FloatingPoint	FBox
0x15	0x012F	CVTGQ_NC	CVTGQ_NC NC	FloatingPoint	FBox
0x15	0x0180	ADDF_U	ADDF_U U	FloatingPoint	FBox
0x15	0x0181	SUBF_U	SUBF_U U	FloatingPoint	FBox
0x15	0x0182	MULF_U	MULF_U U	FloatingPoint	FBox
0x15	0x0183	DIVF_U	DIVF_U U	FloatingPoint	FBox
0x15	0x019E	CVTDG_U	CVTDG_U U	FloatingPoint	FBox
0x15	0x01A0	ADDG_U	ADDG_U U	FloatingPoint	FBox
0x15	0x01A1	SUBG_U	SUBG_U U	FloatingPoint	FBox
0x15	0x01A2	MULG_U	MULG_U U	FloatingPoint	FBox
0x15	0x01A3	DIVG_U	DIVG_U U	FloatingPoint	FBox
0x15	0x01AC	CVTGF_U	CVTGF_U U	FloatingPoint	FBox
0x15	0x01AD	CVTGD_U	CVTGD_U U	FloatingPoint	FBox
0x15	0x01AF	CVTGQ_V	CVTGQ_V V	FloatingPoint	FBox
0x15	0x0400	ADDF_SC	ADDF_SC SC	FloatingPoint	FBox
0x15	0x0401	SUBF_SC	SUBF_SC SC	FloatingPoint	FBox
0x15	0x0402	MULF_SC	MULF_SC SC	FloatingPoint	FBox
0x15	0x0403	DIVF_SC	DIVF_SC SC	FloatingPoint	FBox
0x15	0x041E	CVTDG_SC	CVTDG_SC SC	FloatingPoint	FBox
0x15	0x0420	ADDG_SC	ADDG_SC SC	FloatingPoint	FBox
0x15	0x0421	SUBG_SC	SUBG_SC SC	FloatingPoint	FBox
0x15	0x0422	MULG_SC	MULG_SC SC	FloatingPoint	FBox
0x15	0x0423	DIVG_SC	DIVG_SC SC	FloatingPoint	FBox
0x15	0x042C	CVTGF_SC	CVTGF_SC SC	FloatingPoint	FBox
0x15	0x042D	CVTGD_SC	CVTGD_SC SC	FloatingPoint	FBox
0x15	0x042F	CVTGQ_SC	CVTGQ_SC SC	FloatingPoint	FBox
0x15	0x0480	ADDF_S	ADDF_S S	FloatingPoint	FBox
0x15	0x0481	SUBF_S	SUBF_S S	FloatingPoint	FBox
0x15	0x0482	MULF_S	MULF_S S	FloatingPoint	FBox
0x15	0x0483	DIVF_S	DIVF_S S	FloatingPoint	FBox
0x15	0x049E	CVTDG_S	CVTDG_S S	FloatingPoint	FBox
0x15	0x04A0	ADDG_S	ADDG_S S	FloatingPoint	FBox
0x15	0x04A1	SUBG_S	SUBG_S S	FloatingPoint	FBox
0x15	0x04A2	MULG_S	MULG_S S	FloatingPoint	FBox
0x15	0x04A3	DIVG_S	DIVG_S S	FloatingPoint	FBox
0x15	0x04A5	CMPGEQ_C	CMPGEQ_C C	FloatingPoint	FBox
0x15	0x04A6	CMPGLT_S	CMPGLT_S S	FloatingPoint	FBox
0x15	0x04A7	CMPGLE_S	CMPGLE_S S	FloatingPoint	FBox
0x15	0x04AC	CVTGF_S	CVTGF_S S	FloatingPoint	FBox
0x15	0x04AD	CVTGD_S	CVTGD_S S	FloatingPoint	FBox
0x15	0x04AF	CVTGQ_S	CVTGQ_S S	FloatingPoint	FBox
0x15	0x0500	ADDF_SUC	ADDF_SUC SUC	FloatingPoint	FBox
0x15	0x0501	SUBF_SUC	SUBF_SUC SUC	FloatingPoint	FBox
0x15	0x0502	MULF_SUC	MULF_SUC SUC	FloatingPoint	FBox
0x15	0x0503	DIVF_SUC	DIVF_SUC SUC	FloatingPoint	FBox
0x15	0x051E	CVTDG_SUC	CVTDG_SUC SUC	FloatingPoint	FBox
0x15	0x0520	ADDG_SUC	ADDG_SUC SUC	FloatingPoint	FBox
0x15	0x0521	SUBG_SUC	SUBG_SUC SUC	FloatingPoint	FBox
0x15	0x0522	MULG_SUC	MULG_SUC SUC	FloatingPoint	FBox
0x15	0x0523	DIVG_SUC	DIVG_SUC SUC	FloatingPoint	FBox
0x15	0x052C	CVTGF_SUC	CVTGF_SUC SUC	FloatingPoint	FBox
0x15	0x052D	CVTGD_SUC	CVTGD_SUC SUC	FloatingPoint	FBox
0x15	0x052F	CVTGQ_SVC	CVTGQ_SVC SVC	FloatingPoint	FBox
0x15	0x0580	ADDF_SU	ADDF_SU SU	FloatingPoint	FBox
0x15	0x0581	SUBF_SU	SUBF_SU SU	FloatingPoint	FBox
0x15	0x0582	MULF_SU	MULF_SU SU	FloatingPoint	FBox
0x15	0x0583	DIVF_SU	DIVF_SU SU	FloatingPoint	FBox
0x15	0x059E	CVTDG_SU	CVTDG_SU SU	FloatingPoint	FBox
0x15	0x05A0	ADDG_SU	ADDG_SU SU	FloatingPoint	FBox
0x15	0x05A1	SUBG_SU	SUBG_SU SU	FloatingPoint	FBox
0x15	0x05A2	MULG_SU	MULG_SU SU	FloatingPoint	FBox
0x15	0x05A3	DIVG_SU	DIVG_SU SU	FloatingPoint	FBox
0x15	0x05AC	CVTGF_SU	CVTGF_SU SU	FloatingPoint	FBox
0x15	0x05AD	CVTGD_SU	CVTGD_SU SU	FloatingPoint	FBox
0x15	0x05AF	CVTGQ_SV	CVTGQ_SV SV	FloatingPoint	FBox
0x16	0x0000	ADDS_C	ADDS_C C	FloatingPoint	FBox
0x16	0x0001	SUBS_C	SUBS_C C	FloatingPoint	FBox
0x16	0x0002	MULS_C	MULS_C C	FloatingPoint	FBox
0x16	0x0003	DIVS_C	DIVS_C C	FloatingPoint	FBox
0x16	0x0020	ADDT_C	ADDT_C C	FloatingPoint	FBox
0x16	0x0021	SUBT_C	SUBT_C C	FloatingPoint	FBox
0x16	0x0022	MULT_C	MULT_C C	FloatingPoint	FBox
0x16	0x0023	DIVT_C	DIVT_C C	FloatingPoint	FBox
0x16	0x002C	CVTTS_C	CVTTS_C C	FloatingPoint	FBox
0x16	0x002F	CVTTQ_C	CVTTQ_C C	FloatingPoint	FBox
0x16	0x003C	CVTQS_C	CVTQS_C C	FloatingPoint	FBox
0x16	0x003E	CVTQT_C	CVTQT_C C	FloatingPoint	FBox
0x16	0x003E	CVTQT_M	CVTQT_M M	FloatingPoint	FBox
0x16	0x0040	ADDS_M	ADDS_M M	FloatingPoint	FBox
0x16	0x0041	SUBS_M	SUBS_M M	FloatingPoint	FBox
0x16	0x0042	MULS_M	MULS_M M	FloatingPoint	FBox
0x16	0x0043	DIVS_M	DIVS_M M	FloatingPoint	FBox
0x16	0x0060	ADDT_M	ADDT_M M	FloatingPoint	FBox
0x16	0x0061	SUBT_M	SUBT_M M	FloatingPoint	FBox
0x16	0x0062	MULT_M	MULT_M M	FloatingPoint	FBox
0x16	0x0063	DIVT_M	DIVT_M M	FloatingPoint	FBox
0x16	0x006C	CVTTS_M	CVTTS_M M	FloatingPoint	FBox
0x16	0x006F	CVTTQ_M	CVTTQ_M M	FloatingPoint	FBox
0x16	0x007C	CVTQS_M	CVTQS_M M	FloatingPoint	FBox
0x16	0x0080	ADDS	ADDS	FloatingPoint	FBox
0x16	0x0081	SUBS	SUBS	FloatingPoint	FBox
0x16	0x0082	MULS	MULS	FloatingPoint	FBox
0x16	0x0083	DIVS	DIVS	FloatingPoint	FBox
0x16	0x00A0	ADDT	ADDT	FloatingPoint	FBox
0x16	0x00A1	SUBT	SUBT	FloatingPoint	FBox
0x16	0x00A2	MULT	MULT	FloatingPoint	FBox
0x16	0x00A3	DIVT	DIVT	FloatingPoint	FBox
0x16	0x00A4	CMPTUN	CMPTUN	FloatingPoint	FBox
0x16	0x00A5	CMPTEQ	CMPTEQ	FloatingPoint	FBox
0x16	0x00A6	CMPTLT	CMPTLT	FloatingPoint	FBox
0x16	0x00A7	CMPTLE	CMPTLE	FloatingPoint	FBox
0x16	0x00AC	CVTTS	CVTTS	FloatingPoint	FBox
0x16	0x00AF	CVTTQ	CVTTQ	FloatingPoint	FBox
0x16	0x00AF	CVTTQ_VD	CVTTQ_VD VD	FloatingPoint	FBox
0x16	0x00BC	CVTQS	CVTQS	FloatingPoint	FBox
0x16	0x00BE	CVTQT	CVTQT	FloatingPoint	FBox
0x16	0x00C0	ADDS_D	ADDS_D D	FloatingPoint	FBox
0x16	0x00C3	DIVS_D	DIVS_D D	FloatingPoint	FBox
0x16	0x00E0	ADDT_D	ADDT_D D	FloatingPoint	FBox
0x16	0x00E1	SUBT_D	SUBT_D D	FloatingPoint	FBox
0x16	0x00E2	MULT_D	MULT_D D	FloatingPoint	FBox
0x16	0x00E3	DIVT_D	DIVT_D D	FloatingPoint	FBox
0x16	0x00EC	CVTTS_D	CVTTS_D D	FloatingPoint	FBox
0x16	0x00EF	CVTTQ_D	CVTTQ_D D	FloatingPoint	FBox
0x16	0x00FC	CVTQS_D	CVTQS_D D	FloatingPoint	FBox
0x16	0x0100	ADDS_UC	ADDS_UC UC	FloatingPoint	FBox
0x16	0x0101	SUBS_UC	SUBS_UC UC	FloatingPoint	FBox
0x16	0x0102	MULS_UC	MULS_UC UC	FloatingPoint	FBox
0x16	0x0103	DIVS_UC	DIVS_UC UC	FloatingPoint	FBox
0x16	0x0120	ADDT_UC	ADDT_UC UC	FloatingPoint	FBox
0x16	0x0121	SUBT_U	SUBT_U U	FloatingPoint	FBox
0x16	0x0121	SUBT_UC	SUBT_UC UC	FloatingPoint	FBox
0x16	0x0122	MULT_UC	MULT_UC UC	FloatingPoint	FBox
0x16	0x0123	DIVT_UC	DIVT_UC UC	FloatingPoint	FBox
0x16	0x012C	CVTTS_UC	CVTTS_UC UC	FloatingPoint	FBox
0x16	0x012F	CVTTQ_VC	CVTTQ_VC VC	FloatingPoint	FBox
0x16	0x0140	ADDS_UM	ADDS_UM UM	FloatingPoint	FBox
0x16	0x0141	SUBS_UM	SUBS_UM UM	FloatingPoint	FBox
0x16	0x0142	MULS_UM	MULS_UM UM	FloatingPoint	FBox
0x16	0x0143	DIVS_UM	DIVS_UM UM	FloatingPoint	FBox
0x16	0x0160	ADDT_UM	ADDT_UM UM	FloatingPoint	FBox
0x16	0x0161	SUBT_UM	SUBT_UM UM	FloatingPoint	FBox
0x16	0x0162	MULT_UM	MULT_UM UM	FloatingPoint	FBox
0x16	0x0163	DIVT_UM	DIVT_UM UM	FloatingPoint	FBox
0x16	0x016C	CVTTS_UM	CVTTS_UM UM	FloatingPoint	FBox
0x16	0x016F	CVTTQ_VM	CVTTQ_VM VM	FloatingPoint	FBox
0x16	0x0180	ADDS_U	ADDS_U U	FloatingPoint	FBox
0x16	0x0181	SUBS_U	SUBS_U U	FloatingPoint	FBox
0x16	0x0182	MULS_U	MULS_U U	FloatingPoint	FBox
0x16	0x0183	DIVS_U	DIVS_U U	FloatingPoint	FBox
0x16	0x01A0	ADDT_U	ADDT_U U	FloatingPoint	FBox
0x16	0x01A2	MULT_U	MULT_U U	FloatingPoint	FBox
0x16	0x01A3	DIVT_U	DIVT_U U	FloatingPoint	FBox
0x16	0x01AC	CVTTS_U	CVTTS_U U	FloatingPoint	FBox
0x16	0x01AF	CVTTQ_V	CVTTQ_V V	FloatingPoint	FBox
0x16	0x01C0	ADDS_UD	ADDS_UD UD	FloatingPoint	FBox
0x16	0x01C1	SUBS_UD	SUBS_UD UD	FloatingPoint	FBox
0x16	0x01C2	MULS_UD	MULS_UD UD	FloatingPoint	FBox
0x16	0x01C3	DIVS_UD	DIVS_UD UD	FloatingPoint	FBox
0x16	0x01E2	MULT_UD	MULT_UD UD	FloatingPoint	FBox
0x16	0x01E3	DIVT_UD	DIVT_UD UD	FloatingPoint	FBox
0x16	0x01EC	CVTTS_UD	CVTTS_UD UD	FloatingPoint	FBox
0x16	0x02AC	CVTST	CVTST	FloatingPoint	FBox
0x16	0x0500	ADDS_SUC	ADDS_SUC SUC	FloatingPoint	FBox
0x16	0x0501	SUBS_SUC	SUBS_SUC SUC	FloatingPoint	FBox
0x16	0x0502	MULS_SUC	MULS_SUC SUC	FloatingPoint	FBox
0x16	0x0503	DIVS_SUC	DIVS_SUC SUC	FloatingPoint	FBox
0x16	0x0520	ADDT_SUC	ADDT_SUC SUC	FloatingPoint	FBox
0x16	0x0521	SUBT_SUC	SUBT_SUC SUC	FloatingPoint	FBox
0x16	0x0522	MULT_SUC	MULT_SUC SUC	FloatingPoint	FBox
0x16	0x0523	DIVT_SUC	DIVT_SUC SUC	FloatingPoint	FBox
0x16	0x052C	CVTTS_SUC	CVTTS_SUC SUC	FloatingPoint	FBox
0x16	0x052F	CVTTQ_SVC	CVTTQ_SVC SVC	FloatingPoint	FBox
0x16	0x0540	ADDS_SUM	ADDS_SUM SUM	FloatingPoint	FBox
0x16	0x0541	SUBS_SUM	SUBS_SUM SUM	FloatingPoint	FBox
0x16	0x0542	MULS_SUM	MULS_SUM SUM	FloatingPoint	FBox
0x16	0x0543	DIVS_SUM	DIVS_SUM SUM	FloatingPoint	FBox
0x16	0x0560	ADDT_SUM	ADDT_SUM SUM	FloatingPoint	FBox
0x16	0x0561	SUBT_SUM	SUBT_SUM SUM	FloatingPoint	FBox
0x16	0x0562	MULT_SUM	MULT_SUM SUM	FloatingPoint	FBox
0x16	0x0563	DIVT_SUM	DIVT_SUM SUM	FloatingPoint	FBox
0x16	0x056C	CVTTS_SUM	CVTTS_SUM SUM	FloatingPoint	FBox
0x16	0x056F	CVTTQ_SVM	CVTTQ_SVM SVM	FloatingPoint	FBox
0x16	0x0580	ADDS_SU	ADDS_SU SU	FloatingPoint	FBox
0x16	0x0581	SUBS_SU	SUBS_SU SU	FloatingPoint	FBox
0x16	0x0582	MULS_SU	MULS_SU SU	FloatingPoint	FBox
0x16	0x0583	DIVS_SU	DIVS_SU SU	FloatingPoint	FBox
0x16	0x05A0	ADDT_SU	ADDT_SU SU	FloatingPoint	FBox
0x16	0x05A1	SUBT_SU	SUBT_SU SU	FloatingPoint	FBox
0x16	0x05A2	MULT_SU	MULT_SU SU	FloatingPoint	FBox
0x16	0x05A3	DIVT_SU	DIVT_SU SU	FloatingPoint	FBox
0x16	0x05A4	CMPTUN_SU	CMPTUN_SU SU	FloatingPoint	FBox
0x16	0x05A5	CMPTEQ_SU	CMPTEQ_SU SU	FloatingPoint	FBox
0x16	0x05A6	CMPTLT_SU	CMPTLT_SU SU	FloatingPoint	FBox
0x16	0x05A7	CMPTLE_SU	CMPTLE_SU SU	FloatingPoint	FBox
0x16	0x05AC	CVTTS_SU	CVTTS_SU SU	FloatingPoint	FBox
0x16	0x05AF	CVTTQ_SV	CVTTQ_SV SV	FloatingPoint	FBox
0x16	0x05C0	ADDS_SUD	ADDS_SUD SUD	FloatingPoint	FBox
0x16	0x05C1	SUBS_SUD	SUBS_SUD SUD	FloatingPoint	FBox
0x16	0x05C2	MULS_SUD	MULS_SUD SUD	FloatingPoint	FBox
0x16	0x05C3	ADDT_UD	ADDT_UD UD	FloatingPoint	FBox
0x16	0x05C3	DIVS_SUD	DIVS_SUD SUD	FloatingPoint	FBox
0x16	0x05E0	ADDT_SUD	ADDT_SUD SUD	FloatingPoint	FBox
0x16	0x05E1	SUBT_SUD	SUBT_SUD SUD	FloatingPoint	FBox
0x16	0x05E2	MULT_SUD	MULT_SUD SUD	FloatingPoint	FBox
0x16	0x05E3	DIVT_SUD	DIVT_SUD SUD	FloatingPoint	FBox
0x16	0x05EC	CVTTS_SUD	CVTTS_SUD SUD	FloatingPoint	FBox
0x16	0x05EF	CVTTQ_SVD	CVTTQ_SVD SVD	FloatingPoint	FBox
0x16	0x06AC	CVTST_S	CVTST_S S	FloatingPoint	FBox
0x16	0x0700	ADDS_SUIC	ADDS_SUIC SUIC	FloatingPoint	FBox
0x16	0x0701	SUBS_SUIC	SUBS_SUIC SUIC	FloatingPoint	FBox
0x16	0x0702	MULS_SUIC	MULS_SUIC SUIC	FloatingPoint	FBox
0x16	0x0703	DIVS_SUIC	DIVS_SUIC SUIC	FloatingPoint	FBox
0x16	0x0720	ADDT_SUIC	ADDT_SUIC SUIC	FloatingPoint	FBox
0x16	0x0721	SUBT_SUIC	SUBT_SUIC SUIC	FloatingPoint	FBox
0x16	0x0722	MULT_SUIC	MULT_SUIC SUIC	FloatingPoint	FBox
0x16	0x0723	DIVT_SUIC	DIVT_SUIC SUIC	FloatingPoint	FBox
0x16	0x072C	CVTTS_SUIC	CVTTS_SUIC SUIC	FloatingPoint	FBox
0x16	0x072F	CVTTQ_SVIC	CVTTQ_SVIC SVIC	FloatingPoint	FBox
0x16	0x0740	ADDS_SUIM	ADDS_SUIM SUIM	FloatingPoint	FBox
0x16	0x0741	SUBS_SUIM	SUBS_SUIM SUIM	FloatingPoint	FBox
0x16	0x0742	MULS_SUIM	MULS_SUIM SUIM	FloatingPoint	FBox
0x16	0x0743	DIVS_SUIM	DIVS_SUIM SUIM	FloatingPoint	FBox
0x16	0x0760	ADDT_SUIM	ADDT_SUIM SUIM	FloatingPoint	FBox
0x16	0x0761	SUBT_SUIM	SUBT_SUIM SUIM	FloatingPoint	FBox
0x16	0x0762	MULT_SUIM	MULT_SUIM SUIM	FloatingPoint	FBox
0x16	0x0763	DIVT_SUIM	DIVT_SUIM SUIM	FloatingPoint	FBox
0x16	0x076C	CVTTS_SUIM	CVTTS_SUIM SUIM	FloatingPoint	FBox
0x16	0x076F	CVTTQ_SVIM	CVTTQ_SVIM SVIM	FloatingPoint	FBox
0x16	0x0780	ADDS_SUI	ADDS_SUI SUI	FloatingPoint	FBox
0x16	0x0781	SUBS_SUI	SUBS_SUI SUI	FloatingPoint	FBox
0x16	0x0782	MULS_SUI	MULS_SUI SUI	FloatingPoint	FBox
0x16	0x0783	DIVS_SUI	DIVS_SUI SUI	FloatingPoint	FBox
0x16	0x07A0	ADDT_SUI	ADDT_SUI SUI	FloatingPoint	FBox
0x16	0x07A1	SUBT_SUI	SUBT_SUI SUI	FloatingPoint	FBox
0x16	0x07A2	MULT_SUI	MULT_SUI SUI	FloatingPoint	FBox
0x16	0x07A3	DIVT_SUI	DIVT_SUI SUI	FloatingPoint	FBox
0x16	0x07AC	CVTTS_SUI	CVTTS_SUI SUI	FloatingPoint	FBox
0x16	0x07AF	CVTTQ_SVI	CVTTQ_SVI SVI	FloatingPoint	FBox
0x16	0x07BC	CVTQT_SUI	CVTQT_SUI SUI	FloatingPoint	FBox
0x16	0x07C0	ADDS_SUID	ADDS_SUID SUID	FloatingPoint	FBox
0x16	0x07C1	SUBS_SUID	SUBS_SUID SUID	FloatingPoint	FBox
0x16	0x07C2	MULS_SUID	MULS_SUID SUID	FloatingPoint	FBox
0x16	0x07C3	DIVS_SUID	DIVS_SUID SUID	FloatingPoint	FBox
0x16	0x07C3	SUBT_UD	SUBT_UD UD	FloatingPoint	FBox
0x16	0x07E0	ADDT_SUID	ADDT_SUID SUID	FloatingPoint	FBox
0x16	0x07E1	SUBT_SUID	SUBT_SUID SUID	FloatingPoint	FBox
0x16	0x07E2	MULT_SUID	MULT_SUID SUID	FloatingPoint	FBox
0x16	0x07E3	DIVT_SUID	DIVT_SUID SUID	FloatingPoint	FBox
0x16	0x07EC	CVTTS_SUID	CVTTS_SUID SUID	FloatingPoint	FBox
0x16	0x07EF	CVTTQ_SVID	CVTTQ_SVID SVID	FloatingPoint	FBox
0x17	0x0010	CVTLQ	CVTLQ	FloatingPoint	FBox
0x17	0x0020	CPYS	CPYS	FloatingPoint	FBox
0x17	0x0021	CPYSN	CPYSN	FloatingPoint	FBox
0x17	0x0022	CPYSE	CPYSE	FloatingPoint	FBox
0x17	0x0024	MT_FPCR	MT_FPCR	FloatingPoint	FBox
0x17	0x0025	MF_FPCR	MF_FPCR	FloatingPoint	FBox
0x17	0x002A	FCMOVEQ	FCMOVEQ	FloatingPoint	FBox
0x17	0x002B	FCMOVNE	FCMOVNE	FloatingPoint	FBox
0x17	0x002C	FCMOVLT	FCMOVLT	FloatingPoint	FBox
0x17	0x002D	FCMOVGE	FCMOVGE	FloatingPoint	FBox
0x17	0x002E	FCMOVLE	FCMOVLE	FloatingPoint	FBox
0x17	0x002F	FCMOVGT	FCMOVGT	FloatingPoint	FBox
0x17	0x0030	CVTQL	CVTQL	FloatingPoint	FBox
0x18	0x0000	TRAPB	TRAPB	Memory	CBox
0x18	0x0400	EXCB	EXCB	Memory	CBox
0x18	0x4000	MB	MB	Memory	CBox
0x18	0x4400	WMB	WMB	Memory	CBox
0x18	0x8000	FETCH	FETCH	Memory	MBox
0x18	0xA000	FETCH_M	FETCH_M	Memory	MBox
0x18	0xC000	RPCC	RPCC	Memory	MBox
0x18	0xE000	RC	RC	IntegerOperate	EBox
0x18	0xE800	ECB	ECB	Memory	CBox
0x18	0xF000	RS	RS	IntegerOperate	EBox
0x19	0x0000	PAL19	PAL19	Miscellaneous	PalBox
0x1A	0x0000	JMP	JMP	Branch	CBox
0x1A	0x0001	JSR	JSR	Branch	CBox
0x1A	0x0002	RET	RET	Branch	CBox
0x1A	0x0003	JSR_COROUTINE	JSR_COROUTINE	Branch	CBox
0x1B	0x0000	PAL1B	PAL1B	Miscellaneous	PalBox
0x1D	0x0000	PAL1D	PAL1D	Miscellaneous	PalBox
0x1E	0x0000	PAL1E	PAL1E	Miscellaneous	PalBox
0x1F	0x0000	PAL1F	PAL1F	Miscellaneous	PalBox
0x20	0x0000	LDF	LDF	Memory	MBox
0x20	0x052F	CVTBQ_SVC	CVTBQ_SVC SVC	FloatingPoint	FBox
0x21	0x0000	LDG	LDG	Memory	MBox
0x22	0x0000	LDS	LDS	Memory	MBox
0x23	0x0000	LDT	LDT	Memory	MBox
0x24	0x0000	STF	STF	Memory	MBox
0x25	0x0000	STG	STG	Memory	MBox
0x26	0x0000	STS	STS	Memory	MBox
0x27	0x0000	STT	STT	Memory	MBox
0x28	0x0000	LDL	LDL	Memory	MBox
0x29	0x0000	LDQ	LDQ	Memory	MBox
0x2A	0x0000	LDL_L	LDL_L	Memory	MBox
0x2B	0x0000	LDQ_L	LDQ_L	Memory	MBox
0x2C	0x0000	STL	STL	Memory	MBox
0x2D	0x0000	STQ	STQ	Memory	MBox
0x2E	0x0000	STL_C	STL_C	Memory	MBox
0x2F	0x0000	STQ_C	STQ_C	Memory	MBox
0x30	0x0000	BR	BR	Branch	CBox
0x31	0x0000	FBEQ	FBEQ	Branch	CBox
0x32	0x0000	FBLT	FBLT	Branch	CBox
0x33	0x0000	FBLE	FBLE	Branch	CBox
0x34	0x0000	BSR	BSR	Branch	CBox
0x35	0x0000	FBNE	FBNE	Branch	CBox
0x36	0x0000	FBGE	FBGE	Branch	CBox
0x37	0x0000	FBGT	FBGT	Branch	CBox
0x38	0x0000	BLBC	BLBC	Branch	CBox
0x39	0x0000	BEQ	BEQ	Branch	CBox
0x3A	0x0000	BLT	BLT	Branch	CBox
0x3B	0x0000	BLE	BLE	Branch	CBox
0x3C	0x0000	BLBS	BLBS	Branch	CBox
0x3D	0x0000	BNE	BNE	Branch	CBox
0x3E	0x0000	BGE	BGE	Branch	CBox
0x3F	0x0000	BGT	BGT	Branch	CBox
0x1C	0x30	CTPOP	CTPOP	IntegerOperate	EBox
0x1C	0x31	PERR	PERR	IntegerOperate	EBox
0x1C	0x32	CTLZ	CTLZ	IntegerOperate	EBox
0x1C	0x33	CTTZ	CTTZ	IntegerOperate	EBox
0x1C	0x34	UNPKBW	UNPKBW	IntegerOperate	EBox
0x1C	0x35	UNPKBL	UNPKBL	IntegerOperate	EBox
0x1C	0x36	PKWB	PKWB	IntegerOperate	EBox
0x1C	0x37	PKLB	PKLB	IntegerOperate	EBox
0x1C	0x38	MINSB8	MINSB8	IntegerOperate	EBox
0x1C	0x39	MINSW4	MINSW4	IntegerOperate	EBox
0x1C	0x3A	MINUB8	MINUB8	IntegerOperate	EBox
0x1C	0x3B	MINUW4	MINUW4	IntegerOperate	EBox
0x1C	0x3C	MAXUB8	MAXUB8	IntegerOperate	EBox
0x1C	0x3D	MAXUW4	MAXUW4	IntegerOperate	EBox
0x1C	0x3E	MAXSB8	MAXSB8	IntegerOperate	EBox
0x1C	0x3F	MAXSW4	MAXSW4	IntegerOperate	EBox