OpCode-Dec	Opcode	OPCodeHex	Mnemonic	qualifier	Mneumonic/Qualifier	FunctionCode	FC - Formatted		Architecture	Format
0	0	0x00	HALT		HALT	0	0x0000		Common	PAL-Unprivileged
16	10	0x10	ADDL	 	ADDL	0	0x0000		Alpha	Opr
17	11	0x11	AND	 	AND	0	0x0000		Alpha	Opr
19	13	0x13	MULL	 	MULL	0	0x0000		Alpha	Opr
26	1A	0x1A	JMP	 	JMP	0	0x0000		Alpha	Mem-Barrier
0	0	0x00	CFLUSH		CFLUSH	1	0x0001		Common	PAL
22	16	0x16	SUBS	C	SUBS_C	1	0x0001		IEEE	Floating-Point
26	1A	0x1A	JSR	 	JSR	1	0x0001		Alpha	Mem-Barrier
0	0	0x00	DRAINA		DRAINA	2	0x0002		Common	PAL
16	10	0x10	S4ADDL	 	S4ADDL	2	0x0002		Alpha	Opr
18	12	0x12	MSKBL	 	MSKBL	2	0x0002		Alpha	Opr
22	16	0x16	MULS	C	MULS_C	2	0x0002		IEEE	Floating-Point
26	1A	0x1A	RET	 	RET	2	0x0002		Alpha	Mem-Func-Code
0	0	0x00	LDQP		LDQP	3	0x0003		Alpha	PAL
0	0	0x00	REBOOT		REBOOT	3	0x0003		Tru64	PAL-Tru64
22	16	0x16	DIVS	C	DIVS_C	3	0x0003		IEEE	Floating-Point
26	1A	0x1A	JSR_COROUTINE	 	JSR_COROUTINE	3	0x0003		Alpha	Mem-Barrier
0	0	0x00	INITPAL		INITPAL	4	0x0004		Tru64	PAL-Tru64
0	0	0x00	STQP		STQP	5	0x0005		Alpha	PAL-Unprivileged
0	0	0x00	SWPCTX		SWPCTX	5	0x0005		Alpha	PAL
0	0	0x00	MFPR_ASN		MFPR_ASN	6	0x0006		Alpha	PAL-Unprivileged
0	0	0x00	SWPIRQL		SWPIRQL	6	0x0006		Tru64	PAL-Tru64
18	12	0x12	EXTBL	 	EXTBL	6	0x0006		Alpha	Opr
0	0	0x00	MTPR_ASTEN		MTPR_ASTEN	7	0x0007		Alpha	PAL-Unprivileged
0	0	0x00	RDIRQL		RDIRQL	7	0x0007		Tru64	PAL-Tru64
0	0	0x00	MTPR_ASTSR		MTPR_ASTSR	8	0x0008		Alpha	PAL-Unprivileged
0	0	0x00	DI		DI	8	0x0008		Tru64	PAL-Tru64
17	11	0x11	BIC	 	BIC	8	0x0008		Alpha	Opr
0	0	0x00	CSERVE		CSERVE	9	0x0009		Common	PAL
16	10	0x10	SUBL	 	SUBL	9	0x0009		Alpha	Floating-Point
0	0	0x00	MFPR_MCES		MFPR_MCES	10	0x0010		Alpha	PAL-Unprivileged
0	0	0x00	RDMCES		RDMCES	10	0x0010		Tru64	PAL-Tru64
0	0	0x00	MTPR_MCES		MTPR_MCES	11	0x0011		Alpha	PAL-Unprivileged
0	0	0x00	WRMCES		WRMCES	11	0x0011		Tru64	PAL-Tru64
0	0	0x00	MFPR_PCBB		MFPR_PCBB	12	0x0012		Alpha	PAL-Unprivileged
0	0	0x00	RDPCBB		RDPCBB	12	0x0012		Tru64	PAL-Tru64
16	10	0x10	S8ADDL	 	S8ADDL	12	0x0012		Alpha	Opr
18	12	0x12	MSKWL	 	MSKWL	12	0x0012		Alpha	Opr
0	0	0x00	MFPR_PRBR		MFPR_PRBR	13	0x0013		Alpha	PAL-Unprivileged
0	0	0x00	WRPRBR		WRPRBR	13	0x0013		Tru64	PAL-Tru64
0	0	0x00	MTPR_PRBR		MTPR_PRBR	14	0x0014		Alpha	PAL-Unprivileged
0	0	0x00	TBIA		TBIA	14	0x0014		Tru64	PAL-Tru64
17	11	0x11	CMOVLBS	 	CMOVLBS	14	0x0014		Alpha	Opr
0	0	0x00	MFPR_PTBR		MFPR_PTBR	15	0x0015		Alpha	PAL-Unprivileged
0	0	0x00	THIS		THIS	15	0x0015		Tru64	PAL-Tru64
0	0	0x00	DTBIS		DTBIS	16	0x0016		Tru64	PAL-Tru64
17	11	0x11	CMOVLBC	 	CMOVLBC	16	0x0016		Alpha	Opr
18	12	0x12	EXTWL	 	EXTWL	16	0x0016		Alpha	Opr
0	0	0x00	MTPR_SCBB		MTPR_SCBB	17	0x0017		Alpha	PAL-Unprivileged
0	0	0x00	TBISASN		TBISASN	17	0x0017		Tru64	PAL-Tru64
0	0	0x00	MTPR_SIRR		MTPR_SIRR	18	0x0018		Alpha	PAL-Unprivileged
0	0	0x00	RDKSP		RDKSP	18	0x0018		Tru64	PAL-Tru64
0	0	0x00	MFPR_SISR		MFPR_SISR	19	0x0019		Alpha	PAL-Unprivileged
0	0	0x00	SWPKSP		SWPKSP	19	0x0019		Tru64	PAL-Tru64
0	0	0x00	MFPR_SSP		MFPR_SSP	20	0x0020		Alpha	PAL-Unprivileged
0	0	0x00	WRPERFMON		WRPERFMON	20	0x0020		Tru64	PAL-Tru64
16	10	0x10	ADDQ	 	ADDQ	20	0x0020		Alpha	Opr
17	11	0x11	BIS	 	BIS	20	0x0020		Alpha	Opr
19	13	0x13	MULQ	 	MULQ	20	0x0020		Alpha	Opr
0	0	0x00	MTPR_SSP		MTPR_SSP	21	0x0021		Alpha	PAL-Unprivileged
0	0	0x00	SWPIPL		SWPIPL	21	0x0021		Tru64	PAL-Tru64
22	16	0x16	SUBT	C	SUBT_C	21	0x0021		IEEE	Floating-Point
0	0	0x00	MFPR_USP		MFPR_USP	22	0x0022		Alpha	PAL-Unprivileged
0	0	0x00	RDUSP		RDUSP	22	0x0022		Tru64	PAL-Tru64
16	10	0x10	S4ADDQ	 	S4ADDQ	22	0x0022		Alpha	Opr
18	12	0x12	MSKLL	 	MSKLL	22	0x0022		Alpha	Opr
22	16	0x16	MULT	C	MULT_C	22	0x0022		IEEE	Floating-Point
0	0	0x00	MTPR_USP		MTPR_USP	23	0x0023		Alpha	PAL-Unprivileged
0	0	0x00	WRUSP		WRUSP	23	0x0023		Tru64	PAL-Tru64
22	16	0x16	DIVT	C	DIVT_C	23	0x0023		IEEE	Floating-Point
0	0	0x00	MTPR_TBISD		MTPR_TBISD	24	0x0024		Common	PAL-Unprivileged
17	11	0x11	CMOVEQ	 	CMOVEQ	24	0x0024		Alpha	Opr
0	0	0x00	MTPR_TBISI		MTPR_TBISI	25	0x0025		Common	PAL-Unprivileged
0	0	0x00	MFPR_ASTEN		MFPR_ASTEN	26	0x0026		Common	PAL-Unprivileged
17	11	0x11	CMOVNE	 	CMOVNE	26	0x0026		Alpha	Floating-Point
18	12	0x12	EXTLL	 	EXTLL	26	0x0026		Alpha	Opr
0	0	0x00	MFPR_ASTSR		MFPR_ASTSR	27	0x0027		Common	PAL-Unprivileged
17	11	0x11	ORNOT	 	ORNOT	28	0x0028		Alpha	Opr
0	0	0x00	MFPR_VPTB		MFPR_VPTB	29	0x0029		Common	PAL-Unprivileged
16	10	0x10	SUBQ	 	SUBQ	29	0x0029		Alpha	Floating-Point
0	0	0x00	SWPCTX		SWPCTX	30	0x0030		Tru64	PAL
0	0	0x00	RDCOUNTERS		RDCOUNTERS	30	0x0030		Tru64	PAL-Tru64
18	12	0x12	ZAP	 	ZAP	30	0x0030		Alpha	Opr
19	13	0x13	UMULH	 	UMULH	30	0x0030		Alpha	Opr
0	0	0x00	WRVAL		WRVAL	31	0x0031		Common	PAL
18	12	0x12	ZAPNOT	 	ZAPNOT	31	0x0031		Alpha	Opr
0	0	0x00	RDVAL		RDVAL	32	0x0032		Common	PAL
16	10	0x10	S8ADDQ	 	S8ADDQ	32	0x0032		Alpha	Opr
18	12	0x12	MSKQL	 	MSKQL	32	0x0032		Alpha	Opr
0	0	0x00	TBI		TBI	33	0x0033		Common	PAL
0	0	0x00	WRENT		WRENT	34	0x0034		Common	PAL
18	12	0x12	SRL	 	SRL	34	0x0034		Alpha	Mem
0	0	0x00	SWPIPL		SWPIPL	35	0x0035		Common	PAL
0	0	0x00	RDPS		RDPS	36	0x0036		Common	PAL
18	12	0x12	EXTQL	 	EXTQL	36	0x0036		Alpha	Opr
0	0	0x00	WRKGP		WRKGP	37	0x0037		Common	PAL
0	0	0x00	WRUSP		WRUSP	38	0x0038		Common	PAL
0	0	0x00	WRPERFMON		WRPERFMON	39	0x0039		Common	PAL
18	12	0x12	SLL	 	SLL	39	0x0039		Alpha	Opr
16	10	0x10	ADDL	 	ADDL	40	0x0040		Alpha	Vector
17	11	0x11	XOR	 	XOR	40	0x0040		Alpha	opr
19	13	0x13	MULLN	 	MULLN	40	0x0040		Alpha	Opr
22	16	0x16	ADDS	M	ADDS_M	40	0x0040		IEEE	Floating-Point
22	16	0x16	SUBS	M	SUBS_M	41	0x0041		IEEE	Floating-Point
22	16	0x16	MULS	M	MULS_M	42	0x0042		IEEE	Floating-Point
22	16	0x16	DIVS	M	DIVS_M	43	0x0043		IEEE	Floating-Point
17	11	0x11	CMOVLT	 	CMOVLT	44	0x0044		Alpha	Opr
17	11	0x11	CMOVGE	 	CMOVGE	46	0x0046		Alpha	Opr
17	11	0x11	EQV	 	EQV	48	0x0048		Alpha	Opr
16	10	0x10	SUBL	V	SUBL_V	49	0x0049		Alpha	Floating-Point
18	12	0x12	MSKWH	 	MSKWH	52	0x0052		Alpha	Opr
18	12	0x12	INSWH	 	INSWH	57	0x0057		Alpha	Opr
16	10	0x10	ADDQ	 	ADDQ	60	0x0060		Alpha	Vector
19	13	0x13	MULQN	 	MULQN	60	0x0060		Alpha	Opr
22	16	0x16	ADDT	M	ADDT_M	60	0x0060		IEEE	Floating-Point
22	16	0x16	SUBT	M	SUBT_M	61	0x0061		IEEE	Floating-Point
18	12	0x12	MSKLH	 	MSKLH	62	0x0062		Alpha	Opr
22	16	0x16	MULT	M	MULT_M	62	0x0062		IEEE	Floating-Point
22	16	0x16	DIVT	M	DIVT_M	63	0x0063		IEEE	Floating-Point
17	11	0x11	CMOVLE	 	CMOVLE	64	0x0064		Alpha	Opr
17	11	0x11	CMOVGT	 	CMOVGT	66	0x0066		Alpha	Opr
18	12	0x12	INSLH	 	INSLH	67	0x0067		Alpha	Opr
16	10	0x10	SUBQ	V	SUBQ_V	69	0x0069		Alpha	Floating-Point
18	12	0x12	MSKQH	 	MSKQH	72	0x0072		Alpha	Opr
18	12	0x12	INSQH	 	INSQH	77	0x0077		Alpha	Opr
0	0	0x00	BPT		BPT	80	0x0080		Alpha	PAL
0	0	0x00	BPT		BPT	80	0x0080		Common	PAL
21	15	0x15	ADDF	 	ADDF	80	0x0080		Alpha	Floating-Point
22	16	0x16	ADDS		ADDS	80	0x0080		IEEE	Floating-Point
0	0	0x00	BUGCHK		BUGCHK	81	0x0081		Common	PAL
21	15	0x15	SUBF	 	SUBF	81	0x0081		Alpha	Floating-Point
22	16	0x16	SUBS		SUBS	81	0x0081		IEEE	Floating-Point
0	0	0x00	CHME		CHME	82	0x0082		Common	PAL
21	15	0x15	MULF	 	MULF	82	0x0082		Alpha	Floating-Point
22	16	0x16	MULS		MULS	82	0x0082		IEEE	Floating-Point
0	0	0x00	CHMK		CHMK	83	0x0083		Alpha	PAL-Unprivileged
0	0	0x00	CALLSYS		CALLSYS	83	0x0083		Tru64	PAL-Tru64
21	15	0x15	DIVF	 	DIVF	83	0x0083		Alpha	Floating-Point
22	16	0x16	DIVS		DIVS	83	0x0083		IEEE	Floating-Point
0	0	0x00	CHMS		CHMS	84	0x0084		Common	PAL
0	0	0x00	CHMU		CHMU	85	0x0085		Common	PAL
0	0	0x00	IMB		IMB	86	0x0086		Common	PAL-Unprivileged
0	0	0x00	INSQHIL		INSQHIL	87	0x0087		Common	PAL
0	0	0x00	INSQTIL		INSQTIL	88	0x0088		Common	PAL
0	0	0x00	INSQHIQ		INSQHIQ	89	0x0089		Common	PAL
0	0	0x00	PROBEW		PROBEW	90	0x0090		Common	PAL
0	0	0x00	RD_PS		RD_PS	91	0x0091		Common	PAL
0	0	0x00	REI		REI	92	0x0092		Common	PAL
0	0	0x00	REMQHIL		REMQHIL	93	0x0093		Common	PAL
0	0	0x00	REMQTIL		REMQTIL	94	0x0094		Common	PAL
0	0	0x00	REMQHIQ		REMQHIQ	95	0x0095		Common	PAL
0	0	0x00	REMQTIQ		REMQTIQ	96	0x0096		Common	PAL
0	0	0x00	REMQUEL		REMQUEL	97	0x0097		Common	PAL
0	0	0x00	REMQUEQ		REMQUEQ	98	0x0098		Common	PAL
0	0	0x00	REMQUEUD		REMQUEUD	99	0x0099		Common	PAL
22	16	0x16	ADDS	UC	ADDS_UC	100	0x0100		IEEE	Floating-Point
22	16	0x16	SUBS	UC	SUBS_UC	101	0x0101		IEEE	Floating-Point
22	16	0x16	MULS	UC	MULS_UC	102	0x0102		IEEE	Floating-Point
22	16	0x16	DIVS	UC	DIVS_UC	103	0x0103		IEEE	Floating-Point
22	16	0x16	ADDT	UC	ADDT_UC	120	0x0120		IEEE	Floating-Point
22	16	0x16	SUBT	UC	SUBT_UC	121	0x0121		IEEE	Floating-Point
22	16	0x16	MULT	UC	MULT_UC	122	0x0122		IEEE	Floating-Point
22	16	0x16	DIVT	UC	DIVT_UC	123	0x0123		IEEE	Floating-Point
22	16	0x16	ADDS	UM	ADDS_UM	140	0x0140		IEEE	Floating-Point
22	16	0x16	SUBS	UM	SUBS_UM	141	0x0141		IEEE	Floating-Point
22	16	0x16	MULS	UM	MULS_UM	142	0x0142		IEEE	Floating-Point
22	16	0x16	DIVS	UM	DIVS_UM	143	0x0143		IEEE	Floating-Point
22	16	0x16	ADDT	UM	ADDT_UM	160	0x0160		IEEE	Floating-Point
22	16	0x16	SUBT	UM	SUBT_UM	161	0x0161		IEEE	Floating-Point
22	16	0x16	MULT	UM	MULT_UM	162	0x0162		IEEE	Floating-Point
22	16	0x16	DIVT	UM	DIVT_UM	163	0x0163		IEEE	Floating-Point
22	16	0x16	ADDS	U	ADDS_U	180	0x0180		IEEE	Floating-Point
22	16	0x16	SUBS	U	SUBS_U	181	0x0181		IEEE	Floating-Point
22	16	0x16	MULS	U	MULS_U	182	0x0182		IEEE	Floating-Point
22	16	0x16	DIVS	U	DIVS_U	183	0x0183		IEEE	Floating-Point
22	16	0x16	ADDS	SUC	ADDS_SUC	500	0x0500		IEEE	Floating-Point
22	16	0x16	SUBS	SUC	SUBS_SUC	501	0x0501		IEEE	Floating-Point
22	16	0x16	MULS	SUC	MULS_SUC	502	0x0502		IEEE	Floating-Point
22	16	0x16	DIVS	SUC	DIVS_SUC	503	0x0503		IEEE	Floating-Point
22	16	0x16	ADDT	SUC	ADDT_SUC	520	0x0520		IEEE	Floating-Point
22	16	0x16	SUBT	SUC	SUBT_SUC	521	0x0521		IEEE	Floating-Point
22	16	0x16	MULT	SUC	MULT_SUC	522	0x0522		IEEE	Floating-Point
22	16	0x16	DIVT	SUC	DIVT_SUC	523	0x0523		IEEE	Floating-Point
22	16	0x16	ADDS	SUM	ADDS_SUM	540	0x0540		IEEE	Floating-Point
22	16	0x16	SUBS	SUM	SUBS_SUM	541	0x0541		IEEE	Floating-Point
22	16	0x16	MULS	SUM	MULS_SUM	542	0x0542		IEEE	Floating-Point
22	16	0x16	DIVS	SUM	DIVS_SUM	543	0x0543		IEEE	Floating-Point
22	16	0x16	ADDT	SUM	ADDT_SUM	560	0x0560		IEEE	Floating-Point
22	16	0x16	SUBT	SUM	SUBT_SUM	561	0x0561		IEEE	Floating-Point
22	16	0x16	MULT	SUM	MULT_SUM	562	0x0562		IEEE	Floating-Point
22	16	0x16	DIVT	SUM	DIVT_SUM	563	0x0563		IEEE	Floating-Point
22	16	0x16	ADDS	SU	ADDS_SU	580	0x0580		IEEE	Floating-Point
22	16	0x16	SUBS	SU	SUBS_SU	581	0x0581		IEEE	Floating-Point
22	16	0x16	MULS	SU	MULS_SU	582	0x0582		IEEE	Floating-Point
22	16	0x16	DIVS	SU	DIVS_SU	583	0x0583		IEEE	Floating-Point
22	16	0x16	ADDS	SUIC	ADDS_SUIC	700	0x0700		IEEE	Floating-Point
22	16	0x16	SUBS	SUIC	SUBS_SUIC	701	0x0701		IEEE	Floating-Point
22	16	0x16	MULS	SUIC	MULS_SUIC	702	0x0702		IEEE	Floating-Point
22	16	0x16	DIVS	SUIC	DIVS_SUIC	703	0x0703		IEEE	Floating-Point
22	16	0x16	ADDT	SUIC	ADDT_SUIC	720	0x0720		IEEE	Floating-Point
22	16	0x16	SUBT	SUIC	SUBT_SUIC	721	0x0721		IEEE	Floating-Point
22	16	0x16	MULT	SUIC	MULT_SUIC	722	0x0722		IEEE	Floating-Point
22	16	0x16	DIVT	SUIC	DIVT_SUIC	723	0x0723		IEEE	Floating-Point
22	16	0x16	ADDS	SUIM	ADDS_SUIM	740	0x0740		IEEE	Floating-Point
22	16	0x16	SUBS	SUIM	SUBS_SUIM	741	0x0741		IEEE	Floating-Point
22	16	0x16	MULS	SUIM	MULS_SUIM	742	0x0742		IEEE	Floating-Point
22	16	0x16	DIVS	SUIM	DIVS_SUIM	743	0x0743		IEEE	Floating-Point
22	16	0x16	ADDT	SUIM	ADDT_SUIM	760	0x0760		IEEE	Floating-Point
22	16	0x16	SUBT	SUIM	SUBT_SUIM	761	0x0761		IEEE	Floating-Point
22	16	0x16	MULT	SUIM	MULT_SUIM	762	0x0762		IEEE	Floating-Point
22	16	0x16	DIVT	SUIM	DIVT_SUIM	763	0x0763		IEEE	Floating-Point
22	16	0x16	ADDS	SUI	ADDS_SUI	780	0x0780		IEEE	Floating-Point
22	16	0x16	SUBS	SUI	SUBS_SUI	781	0x0781		IEEE	Floating-Point
22	16	0x16	MULS	SUI	MULS_SUI	782	0x0782		IEEE	Floating-Point
22	16	0x16	DIVS	SUI	DIVS_SUI	783	0x0783		IEEE	Floating-Point
22	16	0x16	ADDS	C	ADDS_C	0	0x0000		IEEE	Floating-Point
22	16	0x16	ADDT	C	ADDT_C	20	0x0020		IEEE	Floating-Point
22	16	0x16	CVTTS	C	CVTTS_C	02C	0x002C		IEEE	Floating-Point
22	16	0x16	CVTTQ	C	CVTTQ_C	02F	0x002F		IEEE	Floating-Point
22	16	0x16	CVTQS	C	CVTQS_C	03C	0x003C		IEEE	Floating-Point
22	16	0x16	CVTQT	C	CVTQT_C	03E	0x003E		IEEE	Floating-Point
22	16	0x16	CVTTS	D	CVTTS_D	0EC	0x00EC		IEEE	Floating-Point
22	16	0x16	CVTTQ	M	CVTTQ_M	06F	0x006F		IEEE	Floating-Point
22	16	0x16	CVTQS	M	CVTQS_M	07C	0x007C		IEEE	Floating-Point
22	16	0x16	CVTQT	M	CVTQT_M	03E	0x003E		IEEE	Floating-Point
22	16	0x16	ADDT		ADDT	0A0	0x00A0		IEEE	Floating-Point
22	16	0x16	SUBT		SUBT	0A1	0x00A1		IEEE	Floating-Point
22	16	0x16	MULT		MULT	0A2	0x00A2		IEEE	Floating-Point
22	16	0x16	DIVT		DIVT	0A3	0x00A3		IEEE	Floating-Point
22	16	0x16	CMPTUN		CMPTUN	0A4	0x00A4		IEEE	Floating-Point
22	16	0x16	CMPTEQ		CMPTEQ	0A5	0x00A5		IEEE	Floating-Point
22	16	0x16	CMPTLT		CMPTLT	0A6	0x00A6		IEEE	Floating-Point
22	16	0x16	CMPTLE		CMPTLE	0A7	0x00A7		IEEE	Floating-Point
22	16	0x16	CVTTS	M	CVTTS_M	06C	0x006C		IEEE	Floating-Point
22	16	0x16	CVTTQ		CVTTQ	0AF	0x00AF		IEEE	Floating-Point
22	16	0x16	CVTQS		CVTQS	0BC	0x00BC		IEEE	Floating-Point
22	16	0x16	CVTQT		CVTQT	0BE	0x00BE		IEEE	Floating-Point
22	16	0x16	ADDS	D	ADDS_D	0C0	0x00C0		IEEE	Floating-Point
22	16	0x16	ADDT	D	ADDT_D	0E0	0x00E0		IEEE	Floating-Point
22	16	0x16	SUBT	D	SUBT_D	0E1	0x00E1		IEEE	Floating-Point
22	16	0x16	MULT	D	MULT_D	0E2	0x00E2		IEEE	Floating-Point
22	16	0x16	DIVT	D	DIVT_D	0E3	0x00E3		IEEE	Floating-Point
22	16	0x16	CVTTQ	D	CVTTQ_D	0EF	0x00EF		IEEE	Floating-Point
22	16	0x16	CVTQS	D	CVTQS_D	0FC	0x00FC		IEEE	Floating-Point
22	16	0x16	CVTTS	SU	CVTTS_SU	5AC	0x05AC		IEEE	Floating-Point
22	16	0x16	CVTTQ	VC	CVTTQ_VC	12F	0x012F		IEEE	Floating-Point
22	16	0x16	CVTTS	SUC	CVTTS_SUC	52C	0x052C		IEEE	Floating-Point
22	16	0x16	CVTTQ	VM	CVTTQ_VM	16F	0x016F		IEEE	Floating-Point
22	16	0x16	ADDT	U	ADDT_U	120	0x0120		IEEE	Floating-Point
22	16	0x16	SUBT	U	SUBT_U	121	0x0121		IEEE	Floating-Point
22	16	0x16	MULT	U	MULT_U	1A2	0x01A2		IEEE	Floating-Point
22	16	0x16	DIVT	U	DIVT_U	1A3	0x01A3		IEEE	Floating-Point
22	16	0x16	CVTTS	SUD	CVTTS_SUD	5EC	0x05EC		IEEE	Floating-Point
22	16	0x16	CVTTQ	V	CVTTQ_V	1AF	0x01AF		IEEE	Floating-Point
22	16	0x16	ADDS	UD	ADDS_UD	1C0	0x01C0		Alpha/IEEE	Floating-Point
22	16	0x16	SUBS	UD	SUBS_UD	1C1	0x01C1		IEEE	Floating-Point
22	16	0x16	MULS	UD	MULS_UD	1C2	0x01C2		IEEE	Floating-Point
22	16	0x16	DIVS	UD	DIVS_UD	0x01C3	0x01C3		IEEE	Floating-Point
22	16	0x16	ADDT	UD	ADDT_UD	0x05C3	0x05C3		IEEE	Floating-Point
22	16	0x16	SUBT	UD	SUBT_UD	0x07C3	0x07C3		IEEE	Floating-Point
22	16	0x16	MULT	UD	MULT_UD	1E2	0x01E2		IEEE	Floating-Point
22	16	0x16	DIVT	UD	DIVT_UD	1E3	0x01E3		IEEE	Floating-Point
22	16	0x16	CVTTS	SUI	CVTTS_SUI	7AC	0x07AC		IEEE	Floating-Point
22	16	0x16	CVTTQ	VD	CVTTQ_VD	0AF	0x00AF		IEEE	Floating-Point
22	16	0x16	CVTST		CVTST	2AC	0x02AC		IEEE	Floating-Point
22	16	0x16	CVTTS	SUIC	CVTTS_SUIC	72C	0x072C		IEEE	Floating-Point
22	16	0x16	CVTTQ	SVC	CVTTQ_SVC	52F	0x052F		IEEE	Floating-Point
22	16	0x16	CVTTS	SUID	CVTTS_SUID	7EC	0x07EC		IEEE	Floating-Point
22	16	0x16	CVTTQ	SVM	CVTTQ_SVM	56F	0x056F		IEEE	Floating-Point
22	16	0x16	ADDT	SU	ADDT_SU	5A0	0x05A0		IEEE	Floating-Point
22	16	0x16	SUBT	SU	SUBT_SU	5A1	0x05A1		IEEE	Floating-Point
22	16	0x16	MULT	SU	MULT_SU	5A2	0x05A2		IEEE	Floating-Point
22	16	0x16	DIVT	SU	DIVT_SU	5A3	0x05A3		IEEE	Floating-Point
22	16	0x16	CMPTUN	SU	CMPTUN_SU	5A4	0x05A4		IEEE	Floating-Point
22	16	0x16	CMPTEQ	SU	CMPTEQ_SU	5A5	0x05A5		IEEE	Floating-Point
22	16	0x16	CMPTLT	SU	CMPTLT_SU	5A6	0x05A6		IEEE	Floating-Point
22	16	0x16	CMPTLE	SU	CMPTLE_SU	5A7	0x05A7		IEEE	Floating-Point
22	16	0x16	CVTTS	SUIM	CVTTS_SUIM	76C	0x076C		IEEE	Floating-Point
22	16	0x16	CVTTQ	SV	CVTTQ_SV	5AF	0x05AF		IEEE	Floating-Point
22	16	0x16	ADDS	SUD	ADDS_SUD	5C0	0x05C0		Alpha/IEEE	Floating-Point
22	16	0x16	SUBS	SUD	SUBS_SUD	5C1	0x05C1		IEEE	Floating-Point
22	16	0x16	MULS	SUD	MULS_SUD	5C2	0x05C2		IEEE	Floating-Point
22	16	0x16	DIVS	SUD	DIVS_SUD	0x05C3	0x05C3		IEEE	Floating-Point
22	16	0x16	ADDT	SUD	ADDT_SUD	5E0	0x05E0		IEEE	Floating-Point
22	16	0x16	SUBT	SUD	SUBT_SUD	5E1	0x05E1		IEEE	Floating-Point
22	16	0x16	MULT	SUD	MULT_SUD	5E2	0x05E2		IEEE	Floating-Point
22	16	0x16	DIVT	SUD	DIVT_SUD	5E3	0x05E3		IEEE	Floating-Point
22	16	0x16	CVTTS	SUM	CVTTS_SUM	56C	0x056C		IEEE	Floating-Point
22	16	0x16	CVTTQ	SVD	CVTTQ_SVD	5EF	0x05EF		IEEE	Floating-Point
22	16	0x16	CVTST	S	CVTST_S	6AC	0x06AC		IEEE	Floating-Point
22	16	0x16	CVTTS	U	CVTTS_U	1AC	0x01AC		IEEE	Floating-Point
22	16	0x16	CVTTQ	SVIC	CVTTQ_SVIC	72F	0x072F		IEEE	Floating-Point
22	16	0x16	CVTTS	UC	CVTTS_UC	12C	0x012C		IEEE	Floating-Point
22	16	0x16	CVTTQ	SVIM	CVTTQ_SVIM	76F	0x076F		IEEE	Floating-Point
22	16	0x16	ADDT	SUI	ADDT_SUI	7A0	0x07A0		IEEE	Floating-Point
22	16	0x16	SUBT	SUI	SUBT_SUI	7A1	0x07A1		IEEE	Floating-Point
22	16	0x16	MULT	SUI	MULT_SUI	7A2	0x07A2		IEEE	Floating-Point
22	16	0x16	DIVT	SUI	DIVT_SUI	7A3	0x07A3		IEEE	Floating-Point
22	16	0x16	CVTTS	UD	CVTTS_UD	1EC	0x01EC		IEEE	Floating-Point
22	16	0x16	CVTTQ	SVI	CVTTQ_SVI	7AF	0x07AF		IEEE	Floating-Point
22	16	0x16	CVTQT	SUI	CVTQT_SUI	7BC	0x07BC		IEEE	Floating-Point
22	16	0x16	ADDS	SUID	ADDS_SUID	7C0	0x07C0		Alpha/IEEE	Floating-Point
22	16	0x16	SUBS	SUID	SUBS_SUID	7C1	0x07C1		IEEE	Floating-Point
22	16	0x16	MULS	SUID	MULS_SUID	7C2	0x07C2		IEEE	Floating-Point
22	16	0x16	DIVS	SUID	DIVS_SUID	0x07C3	0x07C3		IEEE	Floating-Point
22	16	0x16	ADDT	SUID	ADDT_SUID	7E0	0x07E0		IEEE	Floating-Point
22	16	0x16	SUBT	SUID	SUBT_SUID	7E1	0x07E1		IEEE	Floating-Point
22	16	0x16	MULT	SUID	MULT_SUID	7E2	0x07E2		IEEE	Floating-Point
22	16	0x16	DIVT	SUID	DIVT_SUID	7E3	0x07E3		IEEE	Floating-Point
22	16	0x16	CVTTS	UM	CVTTS_UM	16C	0x016C		IEEE	Floating-Point
22	16	0x16	CVTTQ	SVID	CVTTQ_SVID	7EF	0x07EF		IEEE	Floating-Point
23	17	0x17	CVTLQ	 	CVTLQ	010	0x0010		Alpha	Floating-Point
23	17	0x17	CPYS	 	CPYS	020	0x0020		Alpha	Floating-Point
23	17	0x17	CPYSN	 	CPYSN	021	0x0021		Alpha	Floating-Point
23	17	0x17	CPYSE	 	CPYSE	022	0x0022		Alpha	Floating-Point
23	17	0x17	MT_FPCR	 	MT_FPCR	024	0x0024		Alpha	Floating-Point
23	17	0x17	MF_FPCR	 	MF_FPCR	025	0x0025		Alpha	Floating-Point
23	17	0x17	CVTQL	 	CVTQL	030	0x0030		Alpha	Floating-Point
23	17	0x17	FCMOVEQ	 	FCMOVEQ	02A	0x002A		Alpha	Floating-Point
23	17	0x17	FCMOVNE	 	FCMOVNE	02B	0x002B		Alpha	Floating-Point
23	17	0x17	FCMOVLT	 	FCMOVLT	02C	0x002C		Alpha	Floating-Point
23	17	0x17	FCMOVGE	 	FCMOVGE	02D	0x002D		Alpha	Floating-Point
23	17	0x17	FCMOVLE	 	FCMOVLE	02E	0x002E		Alpha	Floating-Point
23	17	0x17	FCMOVGT	 	FCMOVGT	2F	0x002F		Alpha	Floating-Point
24	18	0x18	TRAPB	 	TRAPB	0	0x0000		Alpha	Mem-Func-Code
24	18	0x18	EXCB	 	EXCB	0400	0x0400		Alpha	Mem-Func-Code
24	18	0x18	MB	 	MB	4000	0x4000		Alpha	Mem-Barrier
24	18	0x18	WMB	 	WMB	4400	0x4400		Alpha	Mem-Func-Code
24	18	0x18	FETCH	 	FETCH	8000	0x8000		Alpha	Mem
24	18	0x18	FETCH_M	 	FETCH_M	A000	0xA000		Alpha	Mem
24	18	0x18	RPCC	 	RPCC	C000	0xC000		Alpha	Mem-Func-Code
24	18	0x18	RC	 	RC	E000	0xE000		Alpha	Mem-Func-Code
24	18	0x18	ECB		ECB	E800	0xE800		Alpha	Mem-Func-Code
24	18	0x18	RS	 	RS	F000	0xF000		Alpha	Mem-Func-Code
21	15	0x15	ADDF	IC	ADDF_IC	0	0x0000		VAX	Floating-Point
0	0	0x00	SWPPAL		SWPPAL	000A	0x000A		Common	PAL
0	0	0x00	MFPR_FEN		MFPR_FEN	000B	0x000B		Common	PAL-Unprivileged
0	0	0x00	MTPR_FEN		MTPR_FEN	000C	0x000C		Alpha	PAL-Unprivileged
0	0	0x00	SSIR		SSIR	000C	0x000C		Tru64	PAL-Tru64
0	0	0x00	MTPR_IPIR		MTPR_IPIR	000D	0x000D		Alpha	PAL-Unprivileged
0	0	0x00	WRIPIR		WRIPIR	000D	0x000D		Tru64	PAL-Tru64
0	0	0x00	MFPR_IPL		MFPR_IPL	000E	0x000E		Alpha	PAL-Unprivileged
0	0	0x00	RFE		RFE	000E	0x000E		Tru64	PAL-Tru64
0	0	0x00	MTPR_IPL		MTPR_IPL	000F	0x000F		Alpha	PAL-Unprivileged
0	0	0x00	RETSYS		RETSYS	000F	0x000F		Tru64	PAL-Tru64
21	15	0x15	SUBF	IC	SUBF_IC	1	0x0001		VAX	Floating-Point
0	0	0x00	MFPR_TBCHK		MFPR_TBCHK	001A	0x001A		Alpha	PAL-Unprivileged
0	0	0x00	RDPSR		RDPSR	001A	0x001A		Tru64	PAL-Tru64
0	0	0x00	MTPR_TBIA		MTPR_TBIA	001B	0x001B		Common	PAL-Unprivileged
0	0	0x00	MTPR_TBIAP		MTPR_TBIAP	001C	0x001C		Alpha	PAL-Unprivileged
0	0	0x00	RDPER		RDPER	001C	0x001C		Tru64	PAL-Tru64
0	0	0x00	MTPR_TBIS		MTPR_TBIS	001D	0x001D		Common	PAL-Unprivileged
0	0	0x00	MFPR_ESP		MFPR_ESP	001E	0x001E		Alpha	PAL-Unprivileged
0	0	0x00	RDTHREAD		RDTHREAD	001E	0x001E		Tru64	PAL-Tru64
0	0	0x00	MTPR_ESP		MTPR_ESP	001F	0x001F		Alpha	PAL-Unprivileged
21	15	0x15	MULF	IC	MULF_IC	002	0x0002		VAX	Floating-Point
0	0	0x00	MTPR_VPTB		MTPR_VPTB	002A	0x002A		Common	PAL-Unprivileged
0	0	0x00	MTPR_PERFMON		MTPR_PERFMON	002B	0x002B		Alpha	PAL-Unprivileged
0	0	0x00	WRFEN		WRFEN	002B	0x002B		Tru64	PAL-Tru64
0	0	0x00	WRVPTPTR		WRVPTPTR	002D	0x002D		Common	PAL
0	0	0x00	MTPR_DATFX		MTPR_DATFX	002E	0x002E		Common	PAL-Unprivileged
21	15	0x15	DIVF	IC	DIVF_IC	003	0x0003		VAX	Floating-Point
0	0	0x00	RDUSP		RDUSP	003A	0x003A		Common	PAL
0	0	0x00	WHAMI		WHAMI	003C	0x003C		Common	PAL
0	0	0x00	RETSYS		RETSYS	003D	0x003D		Common	PAL
0	0	0x00	MFPR_WHAMI		MFPR_WHAMI	003F	0x003F		Alpha	PAL-Unprivileged
0	0	0x00	RTI		RTI	003F	0x003F		Tru64	PAL-Tru64
0	0	0x00	INSQTIQ		INSQTIQ	008A	0x008A		Common	PAL
0	0	0x00	INSQUEL		INSQUEL	008B	0x008B		Common	PAL
0	0	0x00	INSQUEQ		INSQUEQ	008C	0x008C		Common	PAL
0	0	0x00	INSQUEUD		INSQUEUD	008D	0x008D		Common	PAL
0	0	0x00	INSQUEQ/D		INSQUEQ/D	008E	0x008E		Common	PAL
0	0	0x00	PROBER		PROBER	008F	0x008F		Common	PAL
0	0	0x00	REMQUEQ/D		REMQUEQ/D	009A	0x009A		Common	PAL
0	0	0x00	SWASTEN		SWASTEN	009B	0x009B		Common	PAL
0	0	0x00	WR_PS_SW		WR_PS_SW	009C	0x009C		Common	PAL
0	0	0x00	RSCC		RSCC	009D	0x009D		Common	PAL
0	0	0x00	READ_UNQ		READ_UNQ	009E	0x009E		Alpha	Mem-Barrier
0	0	0x00	RDUNIQUE		RDUNIQUE	009E	0x009E		Tru64	PAL-Tru64
0	0	0x00	WRITE_UNQ		WRITE_UNQ	009F	0x009F		Alpha	PAL-Unprivileged
0	0	0x00	WRUNIQUE		WRUNIQUE	009F	0x009F		Tru64	PAL-Tru64
0	0	0x00	AMOVRR		AMOVRR	00A0	0x00A0		Common	PAL
0	0	0x00	AMOVRM		AMOVRM	00A1	0x00A1		Common	PAL
0	0	0x00	INSQHILR		INSQHILR	00A2	0x00A2		Common	PAL
0	0	0x00	INSQTILR		INSQTILR	00A3	0x00A3		Common	PAL
0	0	0x00	INSQHIQR		INSQHIQR	00A4	0x00A4		Common	PAL
0	0	0x00	INSQTIQR		INSQTIQR	00A5	0x00A5		Common	PAL
0	0	0x00	REMQHILR		REMQHILR	00A6	0x00A6		Common	PAL
0	0	0x00	REMQTILR		REMQTILR	00A7	0x00A7		Common	PAL
0	0	0x00	REMQTIQR		REMQTIQR	00A9	0x00A9		Common	PAL
0	0	0x00	GENTRAP		GENTRAP	00AA	0x00AA		Common	PAL
0	0	0x00	RDTEB		RDTEB	00AB	0x00AB		Common	PAL
0	0	0x00	KBPT		KBPT	00AC	0x00AC		Common	PAL
0	0	0x00	CALLKD		CALLKD	00AD	0x00AD		Common	PAL
21	15	0x15	CVTDG	IC	CVTDG_IC	01E	0x001E		VAX	Floating-Point
0	0	0x00	DRAINA		DRAINA	02	0x0002		Common	PAL
21	15	0x15	ADDG	IC	ADDG_IC	020	0x0020		VAX	Floating-Point
21	15	0x15	SUBG	IC	SUBG_IC	021	0x0021		VAX	Floating-Point
21	15	0x15	MULG	IC	MULG_IC	022	0x0022		VAX	Floating-Point
21	15	0x15	DIVG	IC	DIVG_IC	023	0x0023		VAX	Floating-Point
21	15	0x15	CVTGF	IC	CVTGF_IC	02C	0x002C		VAX	Floating-Point
21	15	0x15	CVTGD	IC	CVTGD_IC	02D	0x002D		VAX	Floating-Point
21	15	0x15	CVTGQ	IC	CVTGQ_IC	02F	0x002F		VAX	Floating-Point
21	15	0x15	CVTBQ	C	CVTBQ_C	02F	0x002F		VAX	Floating-Point
21	15	0x15	CVTQF	IC	CVTQF_IC	03C	0x003C		VAX	Floating-Point
21	15	0x15	CVTQG	IC	CVTQG_IC	03E	0x003E		VAX	Floating-Point
0	0	0x00	INITPAL		INITPAL	04	0x0004		Alpha	PAL
0	0	0x00	SWPIRQL		SWPIRQL	06	0x0006		Alpha	PAL
0	0	0x00	RDIRQL		RDIRQL	07	0x0007		Alpha	PAL
0	0	0x00	DI		DI	08	0x0008		Alpha	PAL
21	15	0x15	ADDF		ADDF	080	0x0080		VAX	Floating-Point
21	15	0x15	SUBF		SUBF	081	0x0081		VAX	Floating-Point
21	15	0x15	MULF		MULF	082	0x0082		VAX	Floating-Point
21	15	0x15	DIVF		DIVF	083	0x0083		VAX	Floating-Point
0	0	0x00	EI		EI	09	0x0009		Alpha	PAL
21	15	0x15	CVTDG	 	CVTDG	09E	0x009E		Alpha	Floating-Point
0	0	0x00	SWPPAL		SWPPAL	0A	0x000A		Alpha	PAL
21	15	0x15	ADDG	 	ADDG	0A0	0x00A0		Alpha	Floating-Point
21	15	0x15	SUBG	 	SUBG	0A1	0x00A1		Alpha	Floating-Point
21	15	0x15	MULG	 	MULG	0A2	0x00A2		Alpha	Floating-Point
21	15	0x15	DIVG	 	DIVG	0A3	0x00A3		Alpha	Floating-Point
21	15	0x15	CMPGEQ	 	CMPGEQ	0A5	0x00A5		Alpha	Floating-Point
21	15	0x15	CMPGLT	 	CMPGLT	0A6	0x00A6		Alpha	Floating-Point
21	15	0x15	CMPGLE		CMPGLE	0A7	0x00A7		VAX	Floating-Point
21	15	0x15	CVTGF	 	CVTGF	0AC	0x00AC		Alpha	Floating-Point
21	15	0x15	CVTGD		CVTGD	0AD	0x00AD		Common_Vax	Floating-Point
20	14	0x14	CVTGQ		CVTGQ	0AF	0x00AF		VAX	Floating-Point
21	15	0x15	CVTGQ	 	CVTGQ	0AF	0x00AF		Common_Vax	Floating-Point
16	10	0x10	S4SUBL	 	S4SUBL	0B	0x000B		Alpha	Opr
18	12	0x12	INSBL	 	INSBL	0B	0x000B		Alpha	Opr
21	15	0x15	CVTQF	 	CVTQF	0BC	0x00BC		Common_Vax	Floating-Point
21	15	0x15	CVTQG	 	CVTQG	0BE	0x00BE		Common_Vax	Floating-Point
0	0	0x00	SSIR		SSIR	0C	0x000C		Alpha	PAL
0	0	0x00	CSIR		CSIR	0D	0x000D		Alpha	PAL
0	0	0x00	RFE		RFE	0E	0x000E		Alpha	PAL
0	0	0x00	RETSYS		RETSYS	0F	0x000F		Alpha	PAL
16	10	0x10	CMPBGE	 	CMPBGE	0F	0x000F		Alpha	Floating-Point
20	14	0x14	SQRTF	UC	SQRTF_UC	10A	0x010A		IEEE	Floating-point square-root (single, UC rounding)
20	14	0x14	SQRTS	UC	SQRTS_UC	10B	0x010B		IEEE	Floating-point square-root (single→double, UC rounding)
20	14	0x14	SQRTG	UC	SQRTG_UC	12A	0x012A		IEEE	Floating-point square-root (double→quad, UC rounding)
20	14	0x14	SQRTT	UC	SQRTT_UC	12B	0x012B		IEEE	Floating-point square-root (quad→double, UC rounding)
20	14	0x14	SQRTS	UM	SQRTS_UM	14B	0x014B		IEEE	Floating-point square-root (single→double, UM rounding)
20	14	0x14	SQRTT	UM	SQRTT_UM	16B	0x016B		IEEE	Floating-point square-root (quad→double, UM rounding)
20	14	0x14	SQRTF	U	SQRTF_U	18A	0x018A		IEEE	Floating-point square-root (single, U rounding)
20	14	0x14	SQRTS	U	SQRTS_U	18B	0x018B		IEEE	Floating-point square-root (single→double, U rounding)
20	14	0x14	SQRTG	U	SQRTG_U	1AA	0x01AA		IEEE	Floating-point square-root (double→quad, U rounding)
20	14	0x14	SQRTT	U	SQRTT_U	1AB	0x01AB		IEEE	Floating-point square-root (quad→double, U rounding)
20	14	0x14	SQRTS	UD	SQRTS_UD	1CB	0x01CB		IEEE	Floating-point square-root (single→double, UD rounding)
20	14	0x14	SQRTT	UD	SQRTT_UD	1EB	0x01EB		IEEE	Floating-point square-root (quad→double, UD rounding)
20	14	0x14	SQRTF	SC	SQRTF_SC	40A	0x040A		IEEE	Floating-point square-root (single, SC rounding)
20	14	0x14	SQRTG	SC	SQRTG_SC	42A	0x042A		IEEE	Floating-point square-root (double→quad, SC rounding)
20	14	0x14	SQRTF	S	SQRTF_S	48A	0x048A		IEEE	Floating-point square-root (single, S rounding)
20	14	0x14	SQRTG	S	SQRTG_S	4AA	0x04AA		IEEE	Floating-point square-root (double→quad, S rounding)
20	14	0x14	SQRTF	SUC	SQRTF_SUC	50A	0x050A		IEEE	Floating-point square-root (single, SUC rounding)
20	14	0x14	SQRTS	SUC	SQRTS_SUC	50B	0x050B		IEEE	Floating-point square-root (single→double, SUC rounding)
20	14	0x14	SQRTG	SUC	SQRTG_SUC	52A	0x052A		IEEE	Floating-point square-root (double→quad, SUC rounding)
20	14	0x14	SQRTT	SUC	SQRTT_SUC	52B	0x052B		IEEE	Floating-point square-root (quad→double, SUC rounding)
20	14	0x14	SQRTS	SUM	SQRTS_SUM	54B	0x054B		IEEE	Floating-point square-root (single→double, SUM rounding)
20	14	0x14	SQRTT	SUM	SQRTT_SUM	56B	0x056B		IEEE	Floating-point square-root (quad→double, SUM rounding)
20	14	0x14	SQRTF	SU	SQRTF_SU	58A	0x058A		IEEE	Floating-point square-root (single, SU rounding)
20	14	0x14	SQRTS	SU	SQRTS_SU	58B	0x058B		IEEE	Floating-point square-root (single→double, SU rounding)
20	14	0x14	SQRTG	SU	SQRTG_SU	5AA	0x05AA		IEEE	Floating-point square-root (double→quad, SU rounding)
20	14	0x14	SQRTT	SU	SQRTT_SU	5AB	0x05AB		IEEE	Floating-point square-root (quad→double, SU rounding)
20	14	0x14	SQRTS	SUD	SQRTS_SUD	5CB	0x05CB		IEEE	Floating-point square-root (single→double, SUD rounding)
20	14	0x14	SQRTT	SUD	SQRTT_SUD	5EB	0x05EB		IEEE	Floating-point square-root (quad→double, SUD rounding)
20	14	0x14	SQRTS	SUIC	SQRTS_SUIC	70B	0x070B		IEEE	Floating-point square-root (single→double, SUIC rounding)
20	14	0x14	SQRTT	SUIC	SQRTT_SUIC	72B	0x072B		IEEE	Floating-point square-root (quad→double, SUIC rounding)
20	14	0x14	SQRTS	SUIM	SQRTS_SUIM	74B	0x074B		IEEE	Floating-point square-root (single→double, SUIM rounding)
20	14	0x14	SQRTT	SUIM	SQRTT_SUIM	76B	0x076B		IEEE	Floating-point square-root (quad→double, SUIM rounding)
20	14	0x14	SQRTS	SUI	SQRTS_SUI	78B	0x078B		IEEE	Floating-point square-root (single→double, SUI rounding)
20	14	0x14	SQRTT	SUI	SQRTT_SUI	7AB	0x07AB		IEEE	Floating-point square-root (quad→double, SUI rounding)
20	14	0x14	SQRTS	SUID	SQRTS_SUID	7CB	0x07CB		IEEE	Floating-point square-root (single→double, SUID rounding)
20	14	0x14	SQRTT	SUID	SQRTT_SUID	7EB	0x07EB		IEEE	Floating-point square-root (quad→double, SUID rounding)
0	0	0x00	RESTART		RESTART	1	0x0001		Alpha	PAL
21	15	0x15	ADDF	UC	ADDF_UC	100	0x0100		VAX	Floating-Point
21	15	0x15	SUBF	UC	SUBF_UC	101	0x0101		VAX	Floating-Point
21	15	0x15	MULF	UC	MULF_UC	102	0x0102		VAX	Floating-Point
21	15	0x15	DIVF	UC	DIVF_UC	103	0x0103		VAX	Floating-Point
0	0	0x00	SWPPROCESS		SWPPROCESS	11 	0x0011		Alpha	PAL
21	15	0x15	CVTDG	UC	CVTDG_UC	11E	0x011E		VAX	Floating-Point
0	0	0x00	RDMCES		RDMCES	12	0x0012		Alpha	PAL
21	15	0x15	ADDG	UC	ADDG_UC	120	0x0120		VAX	Floating-Point
21	15	0x15	SUBG	UC	SUBG_UC	121	0x0121		VAX	Floating-Point
21	15	0x15	MULG	UC	MULG_UC	122	0x0122		VAX	Floating-Point
21	15	0x15	DIVG	UC	DIVG_UC	123	0x0123		VAX	Floating-Point
21	15	0x15	CVTGF	UC	CVTGF_UC	12C	0x012C		VAX	Floating-Point
21	15	0x15	CVTGD	UC	CVTGD_UC	12D	0x012D		VAX	Floating-Point
21	15	0x15	CVTGQ	NC	CVTGQ_NC	12F	0x012F		VAX	Floating-Point
0	0	0x00	WRMCES		WRMCES	13	0x0013		Alpha	PAL
0	0	0x00	TBIA		TBIA	14	0x0014		Alpha	PAL
0	0	0x00	TBIS 		TBIS	15	0x0015		Alpha	PAL
0	0	0x00	TBISASN		TBISASN	17	0x0017		Alpha	PAL
0	0	0x00	RDKSP		RDKSP	18	0x0018		Alpha	PAL
21	15	0x15	ADDF	U	ADDF_U	180	0x0180		VAX	Floating-Point
21	15	0x15	SUBF	U	SUBF_U	181	0x0181		VAX	Floating-Point
21	15	0x15	MULF	U	MULF_U	182	0x0182		VAX	Floating-Point
21	15	0x15	DIVF	U	DIVF_U	183	0x0183		VAX	Floating-Point
0	0	0x00	SWPKSP		SWPKSP	19 	0x0019		Alpha	PAL
21	15	0x15	CVTDG	U	CVTDG_U	19E	0x019E		VAX	Floating-Point
0	0	0x00	RDPSR		RDPSR	1A	0x001A		Alpha	PAL
21	15	0x15	ADDG	U	ADDG_U	1A0	0x01A0		VAX	Floating-Point
21	15	0x15	SUBG	U	SUBG_U	1A1	0x01A1		VAX	Floating-Point
21	15	0x15	MULG	U	MULG_U	1A2	0x01A2		VAX	Floating-Point
21	15	0x15	DIVG	U	DIVG_U	1A3	0x01A3		VAX	Floating-Point
21	15	0x15	CVTGF	U	CVTGF_U	1AC	0x01AC		VAX	Floating-Point
21	15	0x15	CVTGD	U	CVTGD_U	1AD	0x01AD		VAX	Floating-Point
21	15	0x15	CVTGQ	V	CVTGQ_V	1AF	0x01AF		VAX	Floating-Point
16	10	0x10	S8SUBL	 	S8SUBL	1B	0x001B		Alpha	Opr
18	12	0x12	INSWL	 	INSWL	1B	0x001B		Alpha	Opr
16	10	0x10	CMPULT	 	CMPULT	1D	0x001D		Alpha	Opr
0	0	0x00	REBOOT		REBOOT	2	0x0002		Alpha	PAL
0	0	0x00	WRPERFMON		WRPERFMON	20	0x0020		Alpha	PAL
16	10	0x10	S4SUBQ	 	S4SUBQ	2B	0x002B		Alpha	Opr
18	12	0x12	INSLL	 	INSLL	2B	0x002B		Alpha	Opr
16	10	0x10	CMPEQ	 	CMPEQ	2D	0x002D		Alpha	Floating-Point
16	10	0x10	S8SUBQ	 	S8SUBQ	3B	0x003B		Alpha	Opr
18	12	0x12	INSQL	 	INSQL	3B	0x003B		Alpha	Opr
18	12	0x12	SRA	 	SRA	3C	0x003C		Alpha	Opr
16	10	0x10	CMPULE	 	CMPULE	3D	0x003D		Alpha	Opr
21	15	0x15	ADDF	SC	ADDF_SC	400	0x0400		VAX	Floating-Point
21	15	0x15	SUBF	SC	SUBF_SC	401	0x0401		VAX	Floating-Point
21	15	0x15	MULF	SC	MULF_SC	402	0x0402		VAX	Floating-Point
21	15	0x15	DIVF	SC	DIVF_SC	403	0x0403		VAX	Floating-Point
21	15	0x15	CVTDG	SC	CVTDG_SC	41E	0x041E		VAX	Floating-Point
21	15	0x15	ADDG	SC	ADDG_SC	420	0x0420		VAX	Floating-Point
21	15	0x15	SUBG	SC	SUBG_SC	421	0x0421		VAX	Floating-Point
21	15	0x15	MULG	SC	MULG_SC	422	0x0422		VAX	Floating-Point
21	15	0x15	DIVG	SC	DIVG_SC	423	0x0423		VAX	Floating-Point
21	15	0x15	CVTGF	SC	CVTGF_SC	42C	0x042C		VAX	Floating-Point
21	15	0x15	CVTGD	SC	CVTGD_SC	42D	0x042D		VAX	Floating-Point
21	15	0x15	CVTGQ	SC	CVTGQ_SC	42F	0x042F		VAX	Floating-Point
21	15	0x15	ADDF	IS	ADDF_IS	480	0x0480		VAX	Floating-Point
21	15	0x15	SUBF	IS	SUBF_IS	481	0x0481		VAX	Floating-Point
21	15	0x15	MULF	IS	MULF_IS	482	0x0482		VAX	Floating-Point
21	15	0x15	DIVF	IS	DIVF_IS	483	0x0483		VAX	Floating-Point
21	15	0x15	CVTDG	IS	CVTDG_IS	49E	0x049E		VAX	Floating-Point
21	15	0x15	ADDG	IS	ADDG_IS	4A0	0x04A0		VAX	Floating-Point
21	15	0x15	SUBG	IS	SUBG_IS	4A1	0x04A1		VAX	Floating-Point
21	15	0x15	MULG	IS	MULG_IS	4A2	0x04A2		VAX	Floating-Point
21	15	0x15	DIVG	IS	DIVG_IS	4A3	0x04A3		VAX	Floating-Point
21	15	0x15	CMPGEQ	IC	CMPGEQ_IC	4A5	0x04A5		VAX	Floating-Point
21	15	0x15	CMPGLT	IC	CMPGLT_IC	4A6	0x04A6		VAX	Floating-Point
21	15	0x15	CMPGLE	IC	CMPGLE_IC	4A7	0x04A7		VAX	Floating-Point
21	15	0x15	CVTGF	IS	CVTGF_IS	4AC	0x04AC		VAX	Floating-Point
21	15	0x15	CVTGD	IS	CVTGD_IS	4AD	0x04AD		VAX	Floating-Point
21	15	0x15	CVTGQ	IS	CVTGQ_IS	4AF	0x04AF		VAX	Floating-Point
16	10	0x10	CMPLT	 	CMPLT	4D	0x004D		Alpha	Floating-Point
21	15	0x15	ADDF	SUC	ADDF_SUC	500	0x0500		VAX	Floating-Point
21	15	0x15	SUBF	SUC	SUBF_SUC	501	0x0501		VAX	Floating-Point
21	15	0x15	MULF	SUC	MULF_SUC	502	0x0502		VAX	Floating-Point
21	15	0x15	DIVF	SUC	DIVF_SUC	503	0x0503		VAX	Floating-Point
21	15	0x15	CVTDG	SUC	CVTDG_SUC	51E	0x051E		VAX	Floating-Point
21	15	0x15	ADDG	SUC	ADDG_SUC	520	0x0520		VAX	Floating-Point
21	15	0x15	SUBG	SUC	SUBG_SUC	521	0x0521		VAX	Floating-Point
21	15	0x15	MULG	SUC	MULG_SUC	522	0x0522		VAX	Floating-Point
21	15	0x15	DIVG	SUC	DIVG_SUC	523	0x0523		VAX	Floating-Point
21	15	0x15	CVTGF	SUC	CVTGF_SUC	52C	0x052C		VAX	Floating-Point
21	15	0x15	CVTGD	SUC	CVTGD_SUC	52D	0x052D		VAX	Floating-Point
21	15	0x15	CVTGQ	SVC	CVTGQ_SVC	52F	0x052F		VAX	Floating-Point
32	20	0x20	CVTBQ	SVC	CVTBQ_SVC	52F	0x052F		VAX	Floating-Point
21	15	0x15	ADDF	SU	ADDF_SU	580	0x0580		VAX	Floating-Point
21	15	0x15	SUBF	SU	SUBF_SU	581	0x0581		VAX	Floating-Point
21	15	0x15	MULF	SU	MULF_SU	582	0x0582		VAX	Floating-Point
21	15	0x15	DIVF	SU	DIVF_SU	583	0x0583		VAX	Floating-Point
21	15	0x15	CVTDG	SU	CVTDG_SU	59E	0x059E		VAX	Floating-Point
18	12	0x12	EXTWH	 	EXTWH	5A	0x005A		Alpha	Opr
21	15	0x15	ADDG	SU	ADDG_SU	5A0	0x05A0		VAX	Floating-Point
21	15	0x15	SUBG	SU	SUBG_SU	5A1	0x05A1		VAX	Floating-Point
21	15	0x15	MULG	SU	MULG_SU	5A2	0x05A2		VAX	Floating-Point
21	15	0x15	DIVG	SU	DIVG_SU	5A3	0x05A3		VAX	Floating-Point
21	15	0x15	CVTGF	SU	CVTGF_SU	5AC	0x05AC		VAX	Floating-Point
21	15	0x15	CVTGD	SU	CVTGD_SU	5AD	0x05AD		VAX	Floating-Point
21	15	0x15	CVTGQ	SV	CVTGQ_SV	5AF	0x05AF		VAX	Floating-Point
18	12	0x12	EXTLH	 	EXTLH	6A	0x006A		Alpha	Opr
16	10	0x10	CMPLE	 	CMPLE	6D	0x006D		Alpha	Floating-Point
18	12	0x12	EXTQH	 	EXTQH	7A	0x007A		Alpha	Opr
0	0	0x00	CALLKD		CALLKD	83	0x0083		Alpha	PAL
0	0	0x00	IMB		IMB	86	0x0086		Alpha	PAL
0	0	0x00	GENTRAP		GENTRAP	AA	0x00AA		Alpha	PAL
0	0	0x00	KBPT		KBPT	AB	0x00AB		Alpha	PAL
0	0	0x00	CALL_PAL	 	CALL_PAL		0x0000		Alpha	PALCode
1	1	0x01	OPC01		OPC01		0x0000		Pal	Reserved
2	2	0x02	OPC02		OPC02		0x0000		Pal	Reserved
3	3	0x03	OPC03		OPC03		0x0000		Pal	Reserved
4	4	0x04	OPC04		OPC04		0x0000		Pal	Reserved
5	5	0x05	OPC05		OPC05		0x0000		Pal	Reserved
6	6	0x06	OPC06		OPC06		0x0000		Pal	Reserved
7	7	0x07	OPC07		OPC07		0x0000		Pal	Reserved
8	8	0x08	LDA	 	LDA		0x0000		Alpha	Mem
9	9	0x09	LDAH	 	LDAH		0x0000		Alpha	Mem
11	0B	0x0B	LDQ_U	 	LDQ_U		0x0000		Alpha	Mem
15	0F	0x0F	STQ_U	 	STQ_U		0x0000		Alpha	Mem
25	19	0x19	PAL19		PAL19		0x0000		Pal	Reserved
27	1B	0x1B	PAL1B		PAL1B		0x0000		Pal	Reserved
29	1D	0x1D	PAL1D		PAL1D		0x0000		Pal	Reserved
30	1E	0x1E	PAL1E		PAL1E		0x0000		Pal	Reserved
31	1F	0x1F	PAL1F		PAL1F		0x0000		Pal	Reserved
32	20	0x20	LDF	 	LDF		0x0000		Alpha	Mem
33	21	0x21	LDG	 	LDG		0x0000		Alpha	Mem
34	22	0x22	LDS	 	LDS		0x0000		Alpha	Mem
35	23	0x23	LDT	 	LDT		0x0000		Alpha	Mem
36	24	0x24	STF	 	STF		0x0000		Alpha	Mem
37	25	0x25	STG	 	STG		0x0000		Alpha	Mem
38	26	0x26	STS	 	STS		0x0000		Alpha	Mem
39	27	0x27	STT	 	STT		0x0000		Alpha	Mem
40	28	0x28	LDL	 	LDL		0x0000		Alpha	Mem
41	29	0x29	LDQ	 	LDQ		0x0000		Alpha	Mem
42	2A	0x2A	LDL_L	 	LDL_L		0x0000		Alpha	Mem
43	2B	0x2B	LDQ_L	 	LDQ_L		0x0000		Alpha	Mem
44	2C	0x2C	STL	 	STL		0x0000		Alpha	Mem
45	2D	0x2D	STQ	 	STQ		0x0000		Alpha	Mem
46	2E	0x2E	STL_C	 	STL_C		0x0000		Alpha	Mem
47	2F	0x2F	STQ_C	 	STQ_C		0x0000		Alpha	Mem
48	30	0x30	BR	 	BR		0x0000		Alpha	Branch
49	31	0x31	FBEQ	 	FBEQ		0x0000		Alpha	Branch
50	32	0x32	FBLT	 	FBLT		0x0000		Alpha	Branch
51	33	0x33	FBLE	 	FBLE		0x0000		Alpha	Branch
52	34	0x34	BSR	 	BSR		0x0000		Alpha	Mem-Barrier
53	35	0x35	FBNE	 	FBNE		0x0000		Alpha	Branch
54	36	0x36	FBGE	 	FBGE		0x0000		Alpha	Branch
55	37	0x37	FBGT	 	FBGT		0x0000		Alpha	Branch
56	38	0x38	BLBC	 	BLBC		0x0000		Alpha	Branch
57	39	0x39	BEQ	 	BEQ		0x0000		Alpha	Branch
58	3A	0x3A	BLT	 	BLT		0x0000		Alpha	Branch
59	3B	0x3B	BLE	 	BLE		0x0000		Alpha	Branch
60	3C	0x3C	BLBS	 	BLBS		0x0000		Alpha	Branch
61	3D	0x3D	BNE	 	BNE		0x0000		Alpha	Branch
62	3E	0x3E	BGE	 	BGE		0x0000		Alpha	Branch
63	3F	0x3F	BGT	 	BGT		0x0000		Alpha	Branch
22	16	0x16	DIVS	D	DIVS_D	0x00C3	0x00C3		IEEE	Floating-Point
22	16	0x16	CVTTS		CVTTS	0AC	0x00AC		IEEE	Floating-Point
